"BehaviorSpace results (NetLogo 7.0.4)","Table version 2.0"
"Virus.nlogox"
"experimento_evolutivo"
"05/30/2026 18:18:46:034 -0500"
"min-pxcor","max-pxcor","min-pycor","max-pycor"
"-17","17","-17","17"
"[run number]","infectiousness","[step]","count turtles with [sick?]"
"3","10","0","10"
"1","10","0","10"
"3","10","1","10"
"3","10","2","10"
"3","10","3","10"
"1","10","1","10"
"2","10","0","10"
"1","10","2","10"
"3","10","4","10"
"3","10","5","10"
"3","10","6","10"
"3","10","7","10"
"3","10","8","10"
"3","10","9","10"
"3","10","10","10"
"3","10","11","10"
"1","10","3","10"
"1","10","4","10"
"3","10","12","10"
"1","10","5","10"
"3","10","13","10"
"3","10","14","10"
"1","10","6","10"
"3","10","15","10"
"1","10","7","10"
"3","10","16","11"
"1","10","8","10"
"3","10","17","11"
"1","10","9","11"
"3","10","18","11"
"1","10","10","12"
"3","10","19","12"
"1","10","11","12"
"3","10","20","13"
"1","10","12","12"
"3","10","21","3"
"1","10","13","13"
"1","10","14","13"
"3","10","22","3"
"3","10","23","3"
"1","10","15","13"
"1","10","16","13"
"3","10","24","3"
"3","10","25","3"
"1","10","17","13"
"3","10","26","3"
"1","10","18","13"
"1","10","19","12"
"1","10","20","12"
"1","10","21","2"
"3","10","27","3"
"1","10","22","2"
"3","10","28","3"
"1","10","23","2"
"1","10","24","2"
"3","10","29","3"
"1","10","25","2"
"3","10","30","3"
"3","10","31","3"
"3","10","32","3"
"1","10","26","2"
"1","10","27","2"
"3","10","33","3"
"2","10","1","10"
"1","10","28","2"
"3","10","34","3"
"3","10","35","3"
"3","10","36","3"
"3","10","37","2"
"1","10","29","2"
"3","10","38","2"
"3","10","39","1"
"1","10","30","2"
"1","10","31","1"
"1","10","32","1"
"1","10","33","0"
"3","10","40","1"
"2","10","2","10"
"1","10","34","0"
"1","10","35","0"
"1","10","36","0"
"1","10","37","0"
"1","10","38","0"
"1","10","39","0"
"3","10","41","0"
"1","10","40","0"
"3","10","42","0"
"3","10","43","0"
"1","10","41","0"
"3","10","44","0"
"1","10","42","0"
"3","10","45","0"
"1","10","43","0"
"1","10","44","0"
"3","10","46","0"
"1","10","45","0"
"3","10","47","0"
"3","10","48","0"
"1","10","46","0"
"3","10","49","0"
"1","10","47","0"
"3","10","50","0"
"1","10","48","0"
"3","10","51","0"
"1","10","49","0"
"3","10","52","0"
"1","10","50","0"
"3","10","53","0"
"1","10","51","0"
"3","10","54","0"
"1","10","52","0"
"3","10","55","0"
"1","10","53","0"
"3","10","56","0"
"1","10","54","0"
"3","10","57","0"
"1","10","55","0"
"3","10","58","0"
"1","10","56","0"
"3","10","59","0"
"1","10","57","0"
"3","10","60","0"
"3","10","61","0"
"1","10","58","0"
"1","10","59","0"
"3","10","62","0"
"1","10","60","0"
"3","10","63","0"
"3","10","64","0"
"1","10","61","0"
"1","10","62","0"
"3","10","65","0"
"1","10","63","0"
"3","10","66","0"
"1","10","64","0"
"3","10","67","0"
"1","10","65","0"
"3","10","68","0"
"2","10","3","10"
"1","10","66","0"
"3","10","69","0"
"1","10","67","0"
"1","10","68","0"
"1","10","69","0"
"1","10","70","0"
"1","10","71","0"
"3","10","70","0"
"1","10","72","0"
"1","10","73","0"
"3","10","71","0"
"1","10","74","0"
"3","10","72","0"
"1","10","75","0"
"3","10","73","0"
"1","10","76","0"
"3","10","74","0"
"1","10","77","0"
"3","10","75","0"
"1","10","78","0"
"3","10","76","0"
"1","10","79","0"
"3","10","77","0"
"3","10","78","0"
"3","10","79","0"
"1","10","80","0"
"1","10","81","0"
"1","10","82","0"
"1","10","83","0"
"3","10","80","0"
"1","10","84","0"
"3","10","81","0"
"1","10","85","0"
"1","10","86","0"
"3","10","82","0"
"3","10","83","0"
"1","10","87","0"
"1","10","88","0"
"1","10","89","0"
"3","10","84","0"
"3","10","85","0"
"3","10","86","0"
"3","10","87","0"
"3","10","88","0"
"3","10","89","0"
"3","10","90","0"
"2","10","4","11"
"3","10","91","0"
"3","10","92","0"
"3","10","93","0"
"3","10","94","0"
"3","10","95","0"
"3","10","96","0"
"1","10","90","0"
"3","10","97","0"
"1","10","91","0"
"3","10","98","0"
"1","10","92","0"
"1","10","93","0"
"3","10","99","0"
"1","10","94","0"
"3","10","100","0"
"3","10","101","0"
"3","10","102","0"
"3","10","103","0"
"1","10","95","0"
"3","10","104","0"
"3","10","105","0"
"1","10","96","0"
"3","10","106","0"
"2","10","5","11"
"1","10","97","0"
"3","10","107","0"
"3","10","108","0"
"3","10","109","0"
"3","10","110","0"
"3","10","111","0"
"3","10","112","0"
"3","10","113","0"
"3","10","114","0"
"3","10","115","0"
"3","10","116","0"
"3","10","117","0"
"3","10","118","0"
"3","10","119","0"
"3","10","120","0"
"3","10","121","0"
"3","10","122","0"
"3","10","123","0"
"3","10","124","0"
"3","10","125","0"
"3","10","126","0"
"3","10","127","0"
"3","10","128","0"
"3","10","129","0"
"3","10","130","0"
"3","10","131","0"
"2","10","6","11"
"3","10","132","0"
"3","10","133","0"
"3","10","134","0"
"3","10","135","0"
"3","10","136","0"
"3","10","137","0"
"3","10","138","0"
"3","10","139","0"
"3","10","140","0"
"3","10","141","0"
"3","10","142","0"
"3","10","143","0"
"3","10","144","0"
"3","10","145","0"
"3","10","146","0"
"1","10","98","0"
"3","10","147","0"
"3","10","148","0"
"1","10","99","0"
"3","10","149","0"
"1","10","100","0"
"1","10","101","0"
"1","10","102","0"
"1","10","103","0"
"1","10","104","0"
"1","10","105","0"
"1","10","106","0"
"3","10","150","0"
"1","10","107","0"
"1","10","108","0"
"1","10","109","0"
"1","10","110","0"
"3","10","151","0"
"1","10","111","0"
"1","10","112","0"
"1","10","113","0"
"3","10","152","0"
"1","10","114","0"
"3","10","153","0"
"1","10","115","0"
"1","10","116","0"
"3","10","154","0"
"1","10","117","0"
"3","10","155","0"
"1","10","118","0"
"3","10","156","0"
"1","10","119","0"
"3","10","157","0"
"1","10","120","0"
"3","10","158","0"
"1","10","121","0"
"1","10","122","0"
"1","10","123","0"
"1","10","124","0"
"1","10","125","0"
"1","10","126","0"
"1","10","127","0"
"1","10","128","0"
"1","10","129","0"
"1","10","130","0"
"3","10","159","0"
"2","10","7","11"
"1","10","131","0"
"1","10","132","0"
"1","10","133","0"
"1","10","134","0"
"1","10","135","0"
"1","10","136","0"
"1","10","137","0"
"1","10","138","0"
"1","10","139","0"
"3","10","160","0"
"3","10","161","0"
"3","10","162","0"
"1","10","140","0"
"3","10","163","0"
"3","10","164","0"
"1","10","141","0"
"3","10","165","0"
"1","10","142","0"
"1","10","143","0"
"1","10","144","0"
"3","10","166","0"
"1","10","145","0"
"3","10","167","0"
"1","10","146","0"
"3","10","168","0"
"1","10","147","0"
"2","10","8","11"
"3","10","169","0"
"1","10","148","0"
"3","10","170","0"
"3","10","171","0"
"3","10","172","0"
"3","10","173","0"
"3","10","174","0"
"3","10","175","0"
"1","10","149","0"
"3","10","176","0"
"1","10","150","0"
"3","10","177","0"
"1","10","151","0"
"3","10","178","0"
"1","10","152","0"
"3","10","179","0"
"1","10","153","0"
"3","10","180","0"
"1","10","154","0"
"3","10","181","0"
"1","10","155","0"
"3","10","182","0"
"1","10","156","0"
"3","10","183","0"
"1","10","157","0"
"1","10","158","0"
"3","10","184","0"
"3","10","185","0"
"1","10","159","0"
"3","10","186","0"
"1","10","160","0"
"1","10","161","0"
"3","10","187","0"
"3","10","188","0"
"1","10","162","0"
"3","10","189","0"
"1","10","163","0"
"3","10","190","0"
"1","10","164","0"
"3","10","191","0"
"1","10","165","0"
"3","10","192","0"
"1","10","166","0"
"3","10","193","0"
"1","10","167","0"
"3","10","194","0"
"1","10","168","0"
"3","10","195","0"
"1","10","169","0"
"3","10","196","0"
"1","10","170","0"
"3","10","197","0"
"1","10","171","0"
"3","10","198","0"
"1","10","172","0"
"1","10","173","0"
"3","10","199","0"
"1","10","174","0"
"3","10","200","0"
"1","10","175","0"
"3","10","201","0"
"1","10","176","0"
"3","10","202","0"
"1","10","177","0"
"3","10","203","0"
"1","10","178","0"
"3","10","204","0"
"3","10","205","0"
"1","10","179","0"
"3","10","206","0"
"1","10","180","0"
"2","10","9","11"
"3","10","207","0"
"3","10","208","0"
"1","10","181","0"
"3","10","209","0"
"3","10","210","0"
"1","10","182","0"
"3","10","211","0"
"1","10","183","0"
"1","10","184","0"
"1","10","185","0"
"1","10","186","0"
"1","10","187","0"
"1","10","188","0"
"2","10","10","11"
"3","10","212","0"
"3","10","213","0"
"3","10","214","0"
"3","10","215","0"
"3","10","216","0"
"3","10","217","0"
"1","10","189","0"
"3","10","218","0"
"3","10","219","0"
"3","10","220","0"
"1","10","190","0"
"3","10","221","0"
"3","10","222","0"
"1","10","191","0"
"3","10","223","0"
"3","10","224","0"
"2","10","11","12"
"3","10","225","0"
"3","10","226","0"
"3","10","227","0"
"3","10","228","0"
"3","10","229","0"
"3","10","230","0"
"3","10","231","0"
"3","10","232","0"
"3","10","233","0"
"1","10","192","0"
"3","10","234","0"
"1","10","193","0"
"3","10","235","0"
"3","10","236","0"
"1","10","194","0"
"3","10","237","0"
"1","10","195","0"
"3","10","238","0"
"1","10","196","0"
"3","10","239","0"
"1","10","197","0"
"3","10","240","0"
"1","10","198","0"
"3","10","241","0"
"1","10","199","0"
"3","10","242","0"
"1","10","200","0"
"3","10","243","0"
"3","10","244","0"
"1","10","201","0"
"3","10","245","0"
"1","10","202","0"
"3","10","246","0"
"1","10","203","0"
"3","10","247","0"
"1","10","204","0"
"3","10","248","0"
"1","10","205","0"
"3","10","249","0"
"1","10","206","0"
"3","10","250","0"
"1","10","207","0"
"3","10","251","0"
"1","10","208","0"
"3","10","252","0"
"1","10","209","0"
"3","10","253","0"
"2","10","12","12"
"1","10","210","0"
"1","10","211","0"
"1","10","212","0"
"1","10","213","0"
"3","10","254","0"
"1","10","214","0"
"3","10","255","0"
"1","10","215","0"
"1","10","216","0"
"1","10","217","0"
"3","10","256","0"
"1","10","218","0"
"3","10","257","0"
"1","10","219","0"
"3","10","258","0"
"1","10","220","0"
"1","10","221","0"
"3","10","259","0"
"1","10","222","0"
"3","10","260","0"
"1","10","223","0"
"1","10","224","0"
"3","10","261","0"
"1","10","225","0"
"3","10","262","0"
"1","10","226","0"
"3","10","263","0"
"1","10","227","0"
"1","10","228","0"
"3","10","264","0"
"1","10","229","0"
"3","10","265","0"
"1","10","230","0"
"3","10","266","0"
"1","10","231","0"
"3","10","267","0"
"1","10","232","0"
"3","10","268","0"
"3","10","269","0"
"1","10","233","0"
"3","10","270","0"
"1","10","234","0"
"3","10","271","0"
"3","10","272","0"
"1","10","235","0"
"3","10","273","0"
"1","10","236","0"
"3","10","274","0"
"1","10","237","0"
"3","10","275","0"
"3","10","276","0"
"1","10","238","0"
"3","10","277","0"
"3","10","278","0"
"3","10","279","0"
"3","10","280","0"
"3","10","281","0"
"3","10","282","0"
"3","10","283","0"
"1","10","239","0"
"3","10","284","0"
"3","10","285","0"
"2","10","13","12"
"3","10","286","0"
"1","10","240","0"
"3","10","287","0"
"3","10","288","0"
"3","10","289","0"
"3","10","290","0"
"3","10","291","0"
"3","10","292","0"
"1","10","241","0"
"3","10","293","0"
"3","10","294","0"
"1","10","242","0"
"3","10","295","0"
"1","10","243","0"
"3","10","296","0"
"1","10","244","0"
"3","10","297","0"
"1","10","245","0"
"3","10","298","0"
"1","10","246","0"
"3","10","299","0"
"1","10","247","0"
"3","10","300","0"
"1","10","248","0"
"1","10","249","0"
"3","10","301","0"
"1","10","250","0"
"3","10","302","0"
"1","10","251","0"
"1","10","252","0"
"3","10","303","0"
"1","10","253","0"
"3","10","304","0"
"1","10","254","0"
"3","10","305","0"
"1","10","255","0"
"1","10","256","0"
"3","10","306","0"
"1","10","257","0"
"1","10","258","0"
"3","10","307","0"
"1","10","259","0"
"2","10","14","12"
"1","10","260","0"
"1","10","261","0"
"1","10","262","0"
"3","10","308","0"
"1","10","263","0"
"1","10","264","0"
"3","10","309","0"
"1","10","265","0"
"3","10","310","0"
"1","10","266","0"
"3","10","311","0"
"1","10","267","0"
"3","10","312","0"
"3","10","313","0"
"1","10","268","0"
"1","10","269","0"
"3","10","314","0"
"1","10","270","0"
"3","10","315","0"
"1","10","271","0"
"3","10","316","0"
"1","10","272","0"
"1","10","273","0"
"1","10","274","0"
"1","10","275","0"
"1","10","276","0"
"3","10","317","0"
"3","10","318","0"
"1","10","277","0"
"1","10","278","0"
"3","10","319","0"
"3","10","320","0"
"1","10","279","0"
"3","10","321","0"
"1","10","280","0"
"3","10","322","0"
"1","10","281","0"
"3","10","323","0"
"3","10","324","0"
"1","10","282","0"
"1","10","283","0"
"3","10","325","0"
"1","10","284","0"
"3","10","326","0"
"1","10","285","0"
"3","10","327","0"
"3","10","328","0"
"1","10","286","0"
"1","10","287","0"
"3","10","329","0"
"1","10","288","0"
"3","10","330","0"
"1","10","289","0"
"3","10","331","0"
"1","10","290","0"
"3","10","332","0"
"1","10","291","0"
"3","10","333","0"
"1","10","292","0"
"3","10","334","0"
"3","10","335","0"
"1","10","293","0"
"3","10","336","0"
"1","10","294","0"
"3","10","337","0"
"1","10","295","0"
"3","10","338","0"
"2","10","15","12"
"3","10","339","0"
"1","10","296","0"
"1","10","297","0"
"3","10","340","0"
"1","10","298","0"
"3","10","341","0"
"1","10","299","0"
"3","10","342","0"
"1","10","300","0"
"3","10","343","0"
"1","10","301","0"
"3","10","344","0"
"1","10","302","0"
"1","10","303","0"
"3","10","345","0"
"1","10","304","0"
"1","10","305","0"
"1","10","306","0"
"1","10","307","0"
"3","10","346","0"
"1","10","308","0"
"1","10","309","0"
"3","10","347","0"
"1","10","310","0"
"3","10","348","0"
"1","10","311","0"
"3","10","349","0"
"1","10","312","0"
"3","10","350","0"
"1","10","313","0"
"3","10","351","0"
"1","10","314","0"
"1","10","315","0"
"3","10","352","0"
"3","10","353","0"
"1","10","316","0"
"3","10","354","0"
"1","10","317","0"
"3","10","355","0"
"1","10","318","0"
"3","10","356","0"
"1","10","319","0"
"3","10","357","0"
"1","10","320","0"
"3","10","358","0"
"1","10","321","0"
"3","10","359","0"
"1","10","322","0"
"3","10","360","0"
"1","10","323","0"
"3","10","361","0"
"1","10","324","0"
"3","10","362","0"
"1","10","325","0"
"3","10","363","0"
"3","10","364","0"
"1","10","326","0"
"3","10","365","0"
"1","10","327","0"
"3","10","366","0"
"1","10","328","0"
"3","10","367","0"
"3","10","368","0"
"1","10","329","0"
"3","10","369","0"
"3","10","370","0"
"1","10","330","0"
"3","10","371","0"
"1","10","331","0"
"3","10","372","0"
"1","10","332","0"
"1","10","333","0"
"3","10","373","0"
"1","10","334","0"
"3","10","374","0"
"1","10","335","0"
"3","10","375","0"
"1","10","336","0"
"3","10","376","0"
"3","10","377","0"
"3","10","378","0"
"3","10","379","0"
"3","10","380","0"
"1","10","337","0"
"1","10","338","0"
"1","10","339","0"
"2","10","16","12"
"3","10","381","0"
"3","10","382","0"
"1","10","340","0"
"1","10","341","0"
"1","10","342","0"
"1","10","343","0"
"1","10","344","0"
"3","10","383","0"
"1","10","345","0"
"1","10","346","0"
"3","10","384","0"
"1","10","347","0"
"3","10","385","0"
"1","10","348","0"
"3","10","386","0"
"1","10","349","0"
"3","10","387","0"
"1","10","350","0"
"3","10","388","0"
"1","10","351","0"
"3","10","389","0"
"1","10","352","0"
"3","10","390","0"
"1","10","353","0"
"3","10","391","0"
"1","10","354","0"
"3","10","392","0"
"1","10","355","0"
"3","10","393","0"
"1","10","356","0"
"1","10","357","0"
"3","10","394","0"
"1","10","358","0"
"3","10","395","0"
"1","10","359","0"
"3","10","396","0"
"1","10","360","0"
"3","10","397","0"
"1","10","361","0"
"3","10","398","0"
"1","10","362","0"
"1","10","363","0"
"3","10","399","0"
"1","10","364","0"
"3","10","400","0"
"1","10","365","0"
"3","10","401","0"
"1","10","366","0"
"3","10","402","0"
"1","10","367","0"
"3","10","403","0"
"1","10","368","0"
"2","10","17","12"
"1","10","369","0"
"1","10","370","0"
"1","10","371","0"
"1","10","372","0"
"3","10","404","0"
"3","10","405","0"
"3","10","406","0"
"3","10","407","0"
"1","10","373","0"
"3","10","408","0"
"1","10","374","0"
"3","10","409","0"
"1","10","375","0"
"1","10","376","0"
"1","10","377","0"
"3","10","410","0"
"1","10","378","0"
"3","10","411","0"
"1","10","379","0"
"3","10","412","0"
"1","10","380","0"
"3","10","413","0"
"1","10","381","0"
"3","10","414","0"
"1","10","382","0"
"3","10","415","0"
"1","10","383","0"
"3","10","416","0"
"1","10","384","0"
"3","10","417","0"
"1","10","385","0"
"3","10","418","0"
"3","10","419","0"
"1","10","386","0"
"3","10","420","0"
"1","10","387","0"
"3","10","421","0"
"1","10","388","0"
"3","10","422","0"
"1","10","389","0"
"3","10","423","0"
"1","10","390","0"
"3","10","424","0"
"1","10","391","0"
"3","10","425","0"
"1","10","392","0"
"3","10","426","0"
"1","10","393","0"
"3","10","427","0"
"1","10","394","0"
"3","10","428","0"
"1","10","395","0"
"3","10","429","0"
"3","10","430","0"
"1","10","396","0"
"1","10","397","0"
"3","10","431","0"
"1","10","398","0"
"1","10","399","0"
"1","10","400","0"
"3","10","432","0"
"3","10","433","0"
"3","10","434","0"
"1","10","401","0"
"1","10","402","0"
"1","10","403","0"
"1","10","404","0"
"3","10","435","0"
"3","10","436","0"
"3","10","437","0"
"2","10","18","12"
"1","10","405","0"
"3","10","438","0"
"1","10","406","0"
"3","10","439","0"
"1","10","407","0"
"3","10","440","0"
"1","10","408","0"
"3","10","441","0"
"1","10","409","0"
"3","10","442","0"
"1","10","410","0"
"1","10","411","0"
"1","10","412","0"
"1","10","413","0"
"1","10","414","0"
"1","10","415","0"
"1","10","416","0"
"1","10","417","0"
"1","10","418","0"
"1","10","419","0"
"1","10","420","0"
"3","10","443","0"
"1","10","421","0"
"3","10","444","0"
"3","10","445","0"
"1","10","422","0"
"3","10","446","0"
"1","10","423","0"
"3","10","447","0"
"1","10","424","0"
"3","10","448","0"
"3","10","449","0"
"1","10","425","0"
"3","10","450","0"
"3","10","451","0"
"1","10","426","0"
"3","10","452","0"
"1","10","427","0"
"3","10","453","0"
"1","10","428","0"
"3","10","454","0"
"1","10","429","0"
"3","10","455","0"
"3","10","456","0"
"1","10","430","0"
"3","10","457","0"
"3","10","458","0"
"3","10","459","0"
"3","10","460","0"
"3","10","461","0"
"1","10","431","0"
"3","10","462","0"
"3","10","463","0"
"3","10","464","0"
"3","10","465","0"
"3","10","466","0"
"3","10","467","0"
"2","10","19","12"
"1","10","432","0"
"3","10","468","0"
"3","10","469","0"
"3","10","470","0"
"3","10","471","0"
"1","10","433","0"
"1","10","434","0"
"3","10","472","0"
"1","10","435","0"
"3","10","473","0"
"1","10","436","0"
"3","10","474","0"
"1","10","437","0"
"3","10","475","0"
"1","10","438","0"
"3","10","476","0"
"1","10","439","0"
"3","10","477","0"
"1","10","440","0"
"3","10","478","0"
"1","10","441","0"
"3","10","479","0"
"3","10","480","0"
"1","10","442","0"
"3","10","481","0"
"1","10","443","0"
"3","10","482","0"
"1","10","444","0"
"3","10","483","0"
"1","10","445","0"
"3","10","484","0"
"1","10","446","0"
"3","10","485","0"
"1","10","447","0"
"3","10","486","0"
"1","10","448","0"
"3","10","487","0"
"1","10","449","0"
"3","10","488","0"
"1","10","450","0"
"3","10","489","0"
"1","10","451","0"
"3","10","490","0"
"1","10","452","0"
"3","10","491","0"
"1","10","453","0"
"3","10","492","0"
"3","10","493","0"
"1","10","454","0"
"3","10","494","0"
"1","10","455","0"
"3","10","495","0"
"1","10","456","0"
"2","10","20","12"
"3","10","496","0"
"3","10","497","0"
"1","10","457","0"
"1","10","458","0"
"1","10","459","0"
"1","10","460","0"
"1","10","461","0"
"1","10","462","0"
"1","10","463","0"
"1","10","464","0"
"1","10","465","0"
"1","10","466","0"
"3","10","498","0"
"1","10","467","0"
"3","10","499","0"
"1","10","468","0"
"3","10","500","0"
"1","10","469","0"
"4","10","0","10"
"4","10","1","11"
"1","10","470","0"
"4","10","2","11"
"4","10","3","11"
"4","10","4","11"
"4","10","5","11"
"4","10","6","11"
"4","10","7","11"
"4","10","8","11"
"4","10","9","11"
"4","10","10","11"
"1","10","471","0"
"4","10","11","11"
"4","10","12","11"
"4","10","13","11"
"2","10","21","2"
"4","10","14","11"
"4","10","15","11"
"4","10","16","11"
"4","10","17","11"
"4","10","18","11"
"4","10","19","11"
"4","10","20","11"
"1","10","472","0"
"4","10","21","1"
"4","10","22","0"
"4","10","23","0"
"1","10","473","0"
"4","10","24","0"
"1","10","474","0"
"4","10","25","0"
"4","10","26","0"
"4","10","27","0"
"4","10","28","0"
"1","10","475","0"
"4","10","29","0"
"1","10","476","0"
"4","10","30","0"
"4","10","31","0"
"1","10","477","0"
"4","10","32","0"
"1","10","478","0"
"4","10","33","0"
"4","10","34","0"
"1","10","479","0"
"4","10","35","0"
"4","10","36","0"
"1","10","480","0"
"4","10","37","0"
"1","10","481","0"
"1","10","482","0"
"4","10","38","0"
"4","10","39","0"
"1","10","483","0"
"4","10","40","0"
"1","10","484","0"
"4","10","41","0"
"1","10","485","0"
"4","10","42","0"
"1","10","486","0"
"4","10","43","0"
"4","10","44","0"
"1","10","487","0"
"4","10","45","0"
"1","10","488","0"
"4","10","46","0"
"1","10","489","0"
"4","10","47","0"
"4","10","48","0"
"1","10","490","0"
"4","10","49","0"
"1","10","491","0"
"4","10","50","0"
"1","10","492","0"
"4","10","51","0"
"1","10","493","0"
"4","10","52","0"
"1","10","494","0"
"1","10","495","0"
"1","10","496","0"
"1","10","497","0"
"1","10","498","0"
"2","10","22","2"
"4","10","53","0"
"4","10","54","0"
"4","10","55","0"
"1","10","499","0"
"4","10","56","0"
"1","10","500","0"
"4","10","57","0"
"4","10","58","0"
"4","10","59","0"
"4","10","60","0"
"4","10","61","0"
"4","10","62","0"
"5","10","0","10"
"4","10","63","0"
"4","10","64","0"
"4","10","65","0"
"4","10","66","0"
"5","10","1","10"
"4","10","67","0"
"4","10","68","0"
"5","10","2","10"
"4","10","69","0"
"5","10","3","10"
"4","10","70","0"
"5","10","4","10"
"5","10","5","10"
"5","10","6","10"
"4","10","71","0"
"5","10","7","11"
"5","10","8","11"
"5","10","9","11"
"2","10","23","3"
"5","10","10","11"
"4","10","72","0"
"5","10","11","11"
"4","10","73","0"
"5","10","12","12"
"4","10","74","0"
"5","10","13","12"
"5","10","14","12"
"5","10","15","12"
"4","10","75","0"
"5","10","16","12"
"4","10","76","0"
"5","10","17","12"
"5","10","18","12"
"4","10","77","0"
"5","10","19","12"
"4","10","78","0"
"5","10","20","12"
"4","10","79","0"
"4","10","80","0"
"4","10","81","0"
"5","10","21","2"
"4","10","82","0"
"4","10","83","0"
"5","10","22","2"
"4","10","84","0"
"5","10","23","2"
"4","10","85","0"
"5","10","24","2"
"4","10","86","0"
"4","10","87","0"
"5","10","25","2"
"5","10","26","2"
"4","10","88","0"
"5","10","27","1"
"4","10","89","0"
"5","10","28","1"
"5","10","29","1"
"4","10","90","0"
"5","10","30","1"
"4","10","91","0"
"5","10","31","1"
"5","10","32","0"
"4","10","92","0"
"5","10","33","0"
"4","10","93","0"
"5","10","34","0"
"5","10","35","0"
"5","10","36","0"
"4","10","94","0"
"5","10","37","0"
"4","10","95","0"
"5","10","38","0"
"4","10","96","0"
"5","10","39","0"
"5","10","40","0"
"4","10","97","0"
"5","10","41","0"
"4","10","98","0"
"5","10","42","0"
"5","10","43","0"
"4","10","99","0"
"5","10","44","0"
"4","10","100","0"
"5","10","45","0"
"4","10","101","0"
"5","10","46","0"
"4","10","102","0"
"5","10","47","0"
"5","10","48","0"
"2","10","24","2"
"5","10","49","0"
"5","10","50","0"
"5","10","51","0"
"4","10","103","0"
"5","10","52","0"
"5","10","53","0"
"4","10","104","0"
"5","10","54","0"
"5","10","55","0"
"5","10","56","0"
"5","10","57","0"
"5","10","58","0"
"5","10","59","0"
"5","10","60","0"
"5","10","61","0"
"5","10","62","0"
"4","10","105","0"
"5","10","63","0"
"4","10","106","0"
"5","10","64","0"
"5","10","65","0"
"4","10","107","0"
"5","10","66","0"
"4","10","108","0"
"5","10","67","0"
"4","10","109","0"
"5","10","68","0"
"4","10","110","0"
"5","10","69","0"
"4","10","111","0"
"5","10","70","0"
"4","10","112","0"
"5","10","71","0"
"4","10","113","0"
"5","10","72","0"
"5","10","73","0"
"4","10","114","0"
"5","10","74","0"
"4","10","115","0"
"5","10","75","0"
"4","10","116","0"
"4","10","117","0"
"5","10","76","0"
"5","10","77","0"
"5","10","78","0"
"5","10","79","0"
"4","10","118","0"
"5","10","80","0"
"4","10","119","0"
"5","10","81","0"
"4","10","120","0"
"4","10","121","0"
"5","10","82","0"
"5","10","83","0"
"4","10","122","0"
"5","10","84","0"
"4","10","123","0"
"5","10","85","0"
"4","10","124","0"
"5","10","86","0"
"4","10","125","0"
"4","10","126","0"
"5","10","87","0"
"4","10","127","0"
"5","10","88","0"
"4","10","128","0"
"4","10","129","0"
"5","10","89","0"
"4","10","130","0"
"5","10","90","0"
"2","10","25","2"
"5","10","91","0"
"4","10","131","0"
"4","10","132","0"
"5","10","92","0"
"4","10","133","0"
"5","10","93","0"
"4","10","134","0"
"5","10","94","0"
"4","10","135","0"
"5","10","95","0"
"4","10","136","0"
"5","10","96","0"
"4","10","137","0"
"5","10","97","0"
"4","10","138","0"
"5","10","98","0"
"4","10","139","0"
"5","10","99","0"
"4","10","140","0"
"5","10","100","0"
"4","10","141","0"
"5","10","101","0"
"4","10","142","0"
"5","10","102","0"
"4","10","143","0"
"5","10","103","0"
"4","10","144","0"
"5","10","104","0"
"4","10","145","0"
"5","10","105","0"
"4","10","146","0"
"5","10","106","0"
"4","10","147","0"
"5","10","107","0"
"4","10","148","0"
"5","10","108","0"
"5","10","109","0"
"4","10","149","0"
"5","10","110","0"
"4","10","150","0"
"5","10","111","0"
"4","10","151","0"
"5","10","112","0"
"4","10","152","0"
"5","10","113","0"
"4","10","153","0"
"4","10","154","0"
"5","10","114","0"
"5","10","115","0"
"4","10","155","0"
"2","10","26","2"
"5","10","116","0"
"4","10","156","0"
"5","10","117","0"
"5","10","118","0"
"4","10","157","0"
"5","10","119","0"
"4","10","158","0"
"5","10","120","0"
"4","10","159","0"
"5","10","121","0"
"4","10","160","0"
"5","10","122","0"
"4","10","161","0"
"5","10","123","0"
"4","10","162","0"
"5","10","124","0"
"4","10","163","0"
"5","10","125","0"
"4","10","164","0"
"5","10","126","0"
"4","10","165","0"
"5","10","127","0"
"4","10","166","0"
"4","10","167","0"
"5","10","128","0"
"4","10","168","0"
"5","10","129","0"
"4","10","169","0"
"5","10","130","0"
"4","10","170","0"
"5","10","131","0"
"4","10","171","0"
"5","10","132","0"
"4","10","172","0"
"5","10","133","0"
"4","10","173","0"
"5","10","134","0"
"4","10","174","0"
"5","10","135","0"
"4","10","175","0"
"5","10","136","0"
"5","10","137","0"
"4","10","176","0"
"5","10","138","0"
"4","10","177","0"
"5","10","139","0"
"4","10","178","0"
"5","10","140","0"
"4","10","179","0"
"5","10","141","0"
"4","10","180","0"
"5","10","142","0"
"4","10","181","0"
"5","10","143","0"
"4","10","182","0"
"4","10","183","0"
"5","10","144","0"
"4","10","184","0"
"5","10","145","0"
"5","10","146","0"
"4","10","185","0"
"4","10","186","0"
"5","10","147","0"
"4","10","187","0"
"5","10","148","0"
"4","10","188","0"
"5","10","149","0"
"4","10","189","0"
"5","10","150","0"
"4","10","190","0"
"5","10","151","0"
"4","10","191","0"
"5","10","152","0"
"4","10","192","0"
"5","10","153","0"
"4","10","193","0"
"5","10","154","0"
"5","10","155","0"
"5","10","156","0"
"4","10","194","0"
"5","10","157","0"
"5","10","158","0"
"4","10","195","0"
"5","10","159","0"
"4","10","196","0"
"5","10","160","0"
"4","10","197","0"
"5","10","161","0"
"4","10","198","0"
"5","10","162","0"
"4","10","199","0"
"2","10","27","2"
"5","10","163","0"
"5","10","164","0"
"4","10","200","0"
"5","10","165","0"
"4","10","201","0"
"4","10","202","0"
"4","10","203","0"
"4","10","204","0"
"5","10","166","0"
"4","10","205","0"
"5","10","167","0"
"4","10","206","0"
"5","10","168","0"
"4","10","207","0"
"5","10","169","0"
"4","10","208","0"
"5","10","170","0"
"4","10","209","0"
"5","10","171","0"
"4","10","210","0"
"5","10","172","0"
"4","10","211","0"
"5","10","173","0"
"4","10","212","0"
"5","10","174","0"
"4","10","213","0"
"5","10","175","0"
"4","10","214","0"
"4","10","215","0"
"4","10","216","0"
"5","10","176","0"
"4","10","217","0"
"5","10","177","0"
"4","10","218","0"
"5","10","178","0"
"4","10","219","0"
"5","10","179","0"
"4","10","220","0"
"5","10","180","0"
"4","10","221","0"
"4","10","222","0"
"5","10","181","0"
"4","10","223","0"
"5","10","182","0"
"4","10","224","0"
"5","10","183","0"
"5","10","184","0"
"4","10","225","0"
"4","10","226","0"
"5","10","185","0"
"4","10","227","0"
"5","10","186","0"
"4","10","228","0"
"5","10","187","0"
"4","10","229","0"
"4","10","230","0"
"5","10","188","0"
"4","10","231","0"
"5","10","189","0"
"4","10","232","0"
"5","10","190","0"
"5","10","191","0"
"4","10","233","0"
"5","10","192","0"
"4","10","234","0"
"5","10","193","0"
"4","10","235","0"
"5","10","194","0"
"4","10","236","0"
"5","10","195","0"
"4","10","237","0"
"5","10","196","0"
"4","10","238","0"
"5","10","197","0"
"4","10","239","0"
"5","10","198","0"
"4","10","240","0"
"5","10","199","0"
"4","10","241","0"
"5","10","200","0"
"4","10","242","0"
"5","10","201","0"
"4","10","243","0"
"5","10","202","0"
"4","10","244","0"
"5","10","203","0"
"4","10","245","0"
"5","10","204","0"
"4","10","246","0"
"5","10","205","0"
"5","10","206","0"
"5","10","207","0"
"5","10","208","0"
"5","10","209","0"
"5","10","210","0"
"5","10","211","0"
"2","10","28","2"
"4","10","247","0"
"5","10","212","0"
"4","10","248","0"
"5","10","213","0"
"4","10","249","0"
"4","10","250","0"
"5","10","214","0"
"4","10","251","0"
"5","10","215","0"
"4","10","252","0"
"5","10","216","0"
"4","10","253","0"
"5","10","217","0"
"4","10","254","0"
"5","10","218","0"
"5","10","219","0"
"4","10","255","0"
"5","10","220","0"
"4","10","256","0"
"4","10","257","0"
"5","10","221","0"
"4","10","258","0"
"5","10","222","0"
"4","10","259","0"
"5","10","223","0"
"4","10","260","0"
"5","10","224","0"
"4","10","261","0"
"5","10","225","0"
"4","10","262","0"
"5","10","226","0"
"4","10","263","0"
"5","10","227","0"
"4","10","264","0"
"4","10","265","0"
"5","10","228","0"
"4","10","266","0"
"4","10","267","0"
"5","10","229","0"
"4","10","268","0"
"5","10","230","0"
"4","10","269","0"
"5","10","231","0"
"4","10","270","0"
"4","10","271","0"
"4","10","272","0"
"5","10","232","0"
"4","10","273","0"
"5","10","233","0"
"4","10","274","0"
"5","10","234","0"
"4","10","275","0"
"4","10","276","0"
"4","10","277","0"
"4","10","278","0"
"4","10","279","0"
"5","10","235","0"
"2","10","29","2"
"4","10","280","0"
"4","10","281","0"
"4","10","282","0"
"4","10","283","0"
"4","10","284","0"
"4","10","285","0"
"4","10","286","0"
"4","10","287","0"
"4","10","288","0"
"4","10","289","0"
"4","10","290","0"
"5","10","236","0"
"4","10","291","0"
"4","10","292","0"
"4","10","293","0"
"4","10","294","0"
"5","10","237","0"
"4","10","295","0"
"4","10","296","0"
"5","10","238","0"
"4","10","297","0"
"5","10","239","0"
"4","10","298","0"
"5","10","240","0"
"4","10","299","0"
"5","10","241","0"
"4","10","300","0"
"5","10","242","0"
"4","10","301","0"
"4","10","302","0"
"5","10","243","0"
"5","10","244","0"
"5","10","245","0"
"4","10","303","0"
"5","10","246","0"
"5","10","247","0"
"5","10","248","0"
"4","10","304","0"
"5","10","249","0"
"4","10","305","0"
"5","10","250","0"
"4","10","306","0"
"5","10","251","0"
"4","10","307","0"
"5","10","252","0"
"4","10","308","0"
"5","10","253","0"
"4","10","309","0"
"5","10","254","0"
"4","10","310","0"
"5","10","255","0"
"5","10","256","0"
"4","10","311","0"
"5","10","257","0"
"4","10","312","0"
"5","10","258","0"
"4","10","313","0"
"5","10","259","0"
"4","10","314","0"
"5","10","260","0"
"4","10","315","0"
"5","10","261","0"
"4","10","316","0"
"5","10","262","0"
"4","10","317","0"
"5","10","263","0"
"4","10","318","0"
"5","10","264","0"
"4","10","319","0"
"5","10","265","0"
"5","10","266","0"
"4","10","320","0"
"4","10","321","0"
"5","10","267","0"
"4","10","322","0"
"5","10","268","0"
"4","10","323","0"
"2","10","30","2"
"5","10","269","0"
"4","10","324","0"
"5","10","270","0"
"5","10","271","0"
"5","10","272","0"
"5","10","273","0"
"5","10","274","0"
"5","10","275","0"
"5","10","276","0"
"5","10","277","0"
"4","10","325","0"
"5","10","278","0"
"4","10","326","0"
"5","10","279","0"
"4","10","327","0"
"4","10","328","0"
"5","10","280","0"
"4","10","329","0"
"4","10","330","0"
"4","10","331","0"
"4","10","332","0"
"5","10","281","0"
"4","10","333","0"
"4","10","334","0"
"5","10","282","0"
"4","10","335","0"
"5","10","283","0"
"4","10","336","0"
"4","10","337","0"
"5","10","284","0"
"4","10","338","0"
"4","10","339","0"
"4","10","340","0"
"4","10","341","0"
"4","10","342","0"
"5","10","285","0"
"4","10","343","0"
"5","10","286","0"
"4","10","344","0"
"5","10","287","0"
"4","10","345","0"
"5","10","288","0"
"4","10","346","0"
"5","10","289","0"
"4","10","347","0"
"4","10","348","0"
"4","10","349","0"
"5","10","290","0"
"4","10","350","0"
"4","10","351","0"
"5","10","291","0"
"4","10","352","0"
"5","10","292","0"
"4","10","353","0"
"5","10","293","0"
"4","10","354","0"
"5","10","294","0"
"4","10","355","0"
"5","10","295","0"
"4","10","356","0"
"4","10","357","0"
"5","10","296","0"
"4","10","358","0"
"4","10","359","0"
"5","10","297","0"
"4","10","360","0"
"5","10","298","0"
"4","10","361","0"
"5","10","299","0"
"5","10","300","0"
"4","10","362","0"
"5","10","301","0"
"4","10","363","0"
"5","10","302","0"
"4","10","364","0"
"5","10","303","0"
"4","10","365","0"
"5","10","304","0"
"4","10","366","0"
"5","10","305","0"
"4","10","367","0"
"5","10","306","0"
"4","10","368","0"
"5","10","307","0"
"4","10","369","0"
"5","10","308","0"
"5","10","309","0"
"5","10","310","0"
"4","10","370","0"
"2","10","31","2"
"4","10","371","0"
"4","10","372","0"
"5","10","311","0"
"5","10","312","0"
"4","10","373","0"
"4","10","374","0"
"4","10","375","0"
"4","10","376","0"
"4","10","377","0"
"4","10","378","0"
"5","10","313","0"
"4","10","379","0"
"5","10","314","0"
"4","10","380","0"
"5","10","315","0"
"4","10","381","0"
"5","10","316","0"
"4","10","382","0"
"4","10","383","0"
"5","10","317","0"
"4","10","384","0"
"5","10","318","0"
"4","10","385","0"
"5","10","319","0"
"5","10","320","0"
"4","10","386","0"
"4","10","387","0"
"5","10","321","0"
"4","10","388","0"
"5","10","322","0"
"4","10","389","0"
"5","10","323","0"
"4","10","390","0"
"5","10","324","0"
"4","10","391","0"
"5","10","325","0"
"4","10","392","0"
"5","10","326","0"
"4","10","393","0"
"5","10","327","0"
"4","10","394","0"
"5","10","328","0"
"4","10","395","0"
"4","10","396","0"
"5","10","329","0"
"4","10","397","0"
"5","10","330","0"
"4","10","398","0"
"5","10","331","0"
"4","10","399","0"
"5","10","332","0"
"4","10","400","0"
"5","10","333","0"
"4","10","401","0"
"4","10","402","0"
"5","10","334","0"
"4","10","403","0"
"5","10","335","0"
"4","10","404","0"
"5","10","336","0"
"4","10","405","0"
"5","10","337","0"
"4","10","406","0"
"4","10","407","0"
"5","10","338","0"
"2","10","32","1"
"4","10","408","0"
"4","10","409","0"
"4","10","410","0"
"4","10","411","0"
"4","10","412","0"
"4","10","413","0"
"5","10","339","0"
"4","10","414","0"
"5","10","340","0"
"4","10","415","0"
"5","10","341","0"
"4","10","416","0"
"4","10","417","0"
"5","10","342","0"
"4","10","418","0"
"4","10","419","0"
"5","10","343","0"
"4","10","420","0"
"4","10","421","0"
"5","10","344","0"
"4","10","422","0"
"5","10","345","0"
"4","10","423","0"
"5","10","346","0"
"4","10","424","0"
"5","10","347","0"
"5","10","348","0"
"4","10","425","0"
"5","10","349","0"
"4","10","426","0"
"5","10","350","0"
"4","10","427","0"
"5","10","351","0"
"4","10","428","0"
"5","10","352","0"
"4","10","429","0"
"5","10","353","0"
"4","10","430","0"
"5","10","354","0"
"4","10","431","0"
"5","10","355","0"
"4","10","432","0"
"5","10","356","0"
"4","10","433","0"
"5","10","357","0"
"4","10","434","0"
"5","10","358","0"
"4","10","435","0"
"5","10","359","0"
"4","10","436","0"
"5","10","360","0"
"4","10","437","0"
"5","10","361","0"
"4","10","438","0"
"5","10","362","0"
"4","10","439","0"
"5","10","363","0"
"4","10","440","0"
"5","10","364","0"
"4","10","441","0"
"5","10","365","0"
"4","10","442","0"
"4","10","443","0"
"5","10","366","0"
"5","10","367","0"
"5","10","368","0"
"5","10","369","0"
"4","10","444","0"
"5","10","370","0"
"4","10","445","0"
"5","10","371","0"
"4","10","446","0"
"5","10","372","0"
"4","10","447","0"
"4","10","448","0"
"5","10","373","0"
"4","10","449","0"
"5","10","374","0"
"4","10","450","0"
"5","10","375","0"
"4","10","451","0"
"5","10","376","0"
"4","10","452","0"
"5","10","377","0"
"4","10","453","0"
"5","10","378","0"
"4","10","454","0"
"2","10","33","1"
"5","10","379","0"
"5","10","380","0"
"4","10","455","0"
"4","10","456","0"
"4","10","457","0"
"5","10","381","0"
"5","10","382","0"
"5","10","383","0"
"5","10","384","0"
"5","10","385","0"
"5","10","386","0"
"4","10","458","0"
"5","10","387","0"
"4","10","459","0"
"5","10","388","0"
"4","10","460","0"
"5","10","389","0"
"4","10","461","0"
"5","10","390","0"
"5","10","391","0"
"4","10","462","0"
"4","10","463","0"
"5","10","392","0"
"4","10","464","0"
"5","10","393","0"
"4","10","465","0"
"5","10","394","0"
"4","10","466","0"
"5","10","395","0"
"4","10","467","0"
"5","10","396","0"
"4","10","468","0"
"4","10","469","0"
"5","10","397","0"
"4","10","470","0"
"5","10","398","0"
"4","10","471","0"
"4","10","472","0"
"5","10","399","0"
"4","10","473","0"
"5","10","400","0"
"4","10","474","0"
"5","10","401","0"
"4","10","475","0"
"5","10","402","0"
"4","10","476","0"
"5","10","403","0"
"4","10","477","0"
"4","10","478","0"
"5","10","404","0"
"4","10","479","0"
"5","10","405","0"
"4","10","480","0"
"5","10","406","0"
"4","10","481","0"
"5","10","407","0"
"4","10","482","0"
"5","10","408","0"
"4","10","483","0"
"4","10","484","0"
"4","10","485","0"
"4","10","486","0"
"4","10","487","0"
"4","10","488","0"
"4","10","489","0"
"4","10","490","0"
"4","10","491","0"
"4","10","492","0"
"4","10","493","0"
"4","10","494","0"
"4","10","495","0"
"4","10","496","0"
"4","10","497","0"
"4","10","498","0"
"4","10","499","0"
"4","10","500","0"
"6","10","0","10"
"6","10","1","10"
"6","10","2","10"
"2","10","34","1"
"6","10","3","10"
"6","10","4","10"
"6","10","5","10"
"6","10","6","10"
"6","10","7","10"
"6","10","8","10"
"6","10","9","10"
"6","10","10","10"
"6","10","11","10"
"6","10","12","10"
"6","10","13","10"
"6","10","14","10"
"6","10","15","10"
"6","10","16","10"
"6","10","17","11"
"6","10","18","11"
"6","10","19","11"
"6","10","20","11"
"6","10","21","1"
"6","10","22","1"
"6","10","23","1"
"6","10","24","1"
"6","10","25","1"
"6","10","26","1"
"6","10","27","1"
"6","10","28","1"
"6","10","29","1"
"6","10","30","1"
"6","10","31","1"
"6","10","32","1"
"6","10","33","1"
"6","10","34","1"
"6","10","35","1"
"6","10","36","1"
"6","10","37","1"
"6","10","38","0"
"6","10","39","0"
"6","10","40","0"
"6","10","41","0"
"6","10","42","0"
"6","10","43","0"
"6","10","44","0"
"6","10","45","0"
"6","10","46","0"
"6","10","47","0"
"6","10","48","0"
"6","10","49","0"
"6","10","50","0"
"6","10","51","0"
"6","10","52","0"
"2","10","35","1"
"6","10","53","0"
"6","10","54","0"
"6","10","55","0"
"6","10","56","0"
"6","10","57","0"
"6","10","58","0"
"6","10","59","0"
"6","10","60","0"
"6","10","61","0"
"6","10","62","0"
"5","10","409","0"
"6","10","63","0"
"6","10","64","0"
"5","10","410","0"
"5","10","411","0"
"6","10","65","0"
"6","10","66","0"
"5","10","412","0"
"6","10","67","0"
"5","10","413","0"
"6","10","68","0"
"5","10","414","0"
"6","10","69","0"
"5","10","415","0"
"6","10","70","0"
"5","10","416","0"
"6","10","71","0"
"5","10","417","0"
"6","10","72","0"
"5","10","418","0"
"6","10","73","0"
"5","10","419","0"
"6","10","74","0"
"5","10","420","0"
"6","10","75","0"
"5","10","421","0"
"6","10","76","0"
"5","10","422","0"
"6","10","77","0"
"5","10","423","0"
"6","10","78","0"
"5","10","424","0"
"6","10","79","0"
"5","10","425","0"
"5","10","426","0"
"6","10","80","0"
"5","10","427","0"
"6","10","81","0"
"5","10","428","0"
"6","10","82","0"
"5","10","429","0"
"6","10","83","0"
"5","10","430","0"
"6","10","84","0"
"5","10","431","0"
"6","10","85","0"
"5","10","432","0"
"6","10","86","0"
"5","10","433","0"
"6","10","87","0"
"5","10","434","0"
"6","10","88","0"
"5","10","435","0"
"6","10","89","0"
"5","10","436","0"
"6","10","90","0"
"6","10","91","0"
"5","10","437","0"
"5","10","438","0"
"6","10","92","0"
"5","10","439","0"
"6","10","93","0"
"5","10","440","0"
"6","10","94","0"
"5","10","441","0"
"6","10","95","0"
"5","10","442","0"
"6","10","96","0"
"5","10","443","0"
"6","10","97","0"
"5","10","444","0"
"6","10","98","0"
"5","10","445","0"
"6","10","99","0"
"5","10","446","0"
"6","10","100","0"
"5","10","447","0"
"6","10","101","0"
"6","10","102","0"
"5","10","448","0"
"6","10","103","0"
"5","10","449","0"
"6","10","104","0"
"5","10","450","0"
"6","10","105","0"
"5","10","451","0"
"5","10","452","0"
"6","10","106","0"
"2","10","36","1"
"5","10","453","0"
"6","10","107","0"
"5","10","454","0"
"6","10","108","0"
"5","10","455","0"
"6","10","109","0"
"5","10","456","0"
"6","10","110","0"
"5","10","457","0"
"6","10","111","0"
"5","10","458","0"
"6","10","112","0"
"6","10","113","0"
"5","10","459","0"
"6","10","114","0"
"5","10","460","0"
"5","10","461","0"
"6","10","115","0"
"5","10","462","0"
"6","10","116","0"
"5","10","463","0"
"5","10","464","0"
"6","10","117","0"
"5","10","465","0"
"6","10","118","0"
"5","10","466","0"
"6","10","119","0"
"5","10","467","0"
"6","10","120","0"
"5","10","468","0"
"6","10","121","0"
"5","10","469","0"
"6","10","122","0"
"5","10","470","0"
"6","10","123","0"
"6","10","124","0"
"5","10","471","0"
"6","10","125","0"
"5","10","472","0"
"5","10","473","0"
"6","10","126","0"
"5","10","474","0"
"6","10","127","0"
"5","10","475","0"
"6","10","128","0"
"5","10","476","0"
"6","10","129","0"
"5","10","477","0"
"6","10","130","0"
"5","10","478","0"
"6","10","131","0"
"5","10","479","0"
"6","10","132","0"
"5","10","480","0"
"6","10","133","0"
"5","10","481","0"
"6","10","134","0"
"6","10","135","0"
"5","10","482","0"
"5","10","483","0"
"6","10","136","0"
"5","10","484","0"
"6","10","137","0"
"5","10","485","0"
"6","10","138","0"
"5","10","486","0"
"6","10","139","0"
"6","10","140","0"
"5","10","487","0"
"5","10","488","0"
"6","10","141","0"
"5","10","489","0"
"6","10","142","0"
"5","10","490","0"
"6","10","143","0"
"5","10","491","0"
"6","10","144","0"
"5","10","492","0"
"6","10","145","0"
"5","10","493","0"
"6","10","146","0"
"5","10","494","0"
"5","10","495","0"
"6","10","147","0"
"5","10","496","0"
"6","10","148","0"
"5","10","497","0"
"6","10","149","0"
"5","10","498","0"
"6","10","150","0"
"5","10","499","0"
"6","10","151","0"
"5","10","500","0"
"6","10","152","0"
"6","10","153","0"
"7","10","0","10"
"7","10","1","10"
"6","10","154","0"
"7","10","2","10"
"7","10","3","10"
"6","10","155","0"
"7","10","4","11"
"6","10","156","0"
"7","10","5","11"
"7","10","6","11"
"6","10","157","0"
"7","10","7","11"
"7","10","8","11"
"6","10","158","0"
"7","10","9","12"
"6","10","159","0"
"7","10","10","12"
"7","10","11","12"
"6","10","160","0"
"7","10","12","12"
"7","10","13","12"
"6","10","161","0"
"7","10","14","12"
"6","10","162","0"
"7","10","15","12"
"7","10","16","12"
"6","10","163","0"
"2","10","37","1"
"6","10","164","0"
"7","10","17","12"
"7","10","18","12"
"7","10","19","12"
"7","10","20","12"
"6","10","165","0"
"6","10","166","0"
"6","10","167","0"
"7","10","21","2"
"6","10","168","0"
"7","10","22","2"
"7","10","23","2"
"6","10","169","0"
"7","10","24","1"
"6","10","170","0"
"7","10","25","1"
"7","10","26","1"
"6","10","171","0"
"7","10","27","1"
"7","10","28","1"
"6","10","172","0"
"7","10","29","0"
"6","10","173","0"
"7","10","30","0"
"7","10","31","0"
"6","10","174","0"
"7","10","32","0"
"6","10","175","0"
"7","10","33","0"
"7","10","34","0"
"6","10","176","0"
"7","10","35","0"
"6","10","177","0"
"7","10","36","0"
"7","10","37","0"
"6","10","178","0"
"7","10","38","0"
"6","10","179","0"
"7","10","39","0"
"6","10","180","0"
"7","10","40","0"
"6","10","181","0"
"7","10","41","0"
"6","10","182","0"
"7","10","42","0"
"6","10","183","0"
"7","10","43","0"
"6","10","184","0"
"7","10","44","0"
"6","10","185","0"
"7","10","45","0"
"6","10","186","0"
"7","10","46","0"
"6","10","187","0"
"7","10","47","0"
"6","10","188","0"
"7","10","48","0"
"6","10","189","0"
"7","10","49","0"
"7","10","50","0"
"6","10","190","0"
"7","10","51","0"
"6","10","191","0"
"7","10","52","0"
"6","10","192","0"
"7","10","53","0"
"6","10","193","0"
"7","10","54","0"
"6","10","194","0"
"7","10","55","0"
"7","10","56","0"
"6","10","195","0"
"7","10","57","0"
"6","10","196","0"
"7","10","58","0"
"6","10","197","0"
"7","10","59","0"
"6","10","198","0"
"7","10","60","0"
"6","10","199","0"
"7","10","61","0"
"6","10","200","0"
"7","10","62","0"
"7","10","63","0"
"6","10","201","0"
"7","10","64","0"
"6","10","202","0"
"2","10","38","1"
"7","10","65","0"
"6","10","203","0"
"7","10","66","0"
"6","10","204","0"
"7","10","67","0"
"6","10","205","0"
"7","10","68","0"
"6","10","206","0"
"7","10","69","0"
"6","10","207","0"
"7","10","70","0"
"6","10","208","0"
"7","10","71","0"
"6","10","209","0"
"7","10","72","0"
"6","10","210","0"
"7","10","73","0"
"6","10","211","0"
"7","10","74","0"
"6","10","212","0"
"7","10","75","0"
"7","10","76","0"
"6","10","213","0"
"7","10","77","0"
"6","10","214","0"
"6","10","215","0"
"7","10","78","0"
"7","10","79","0"
"6","10","216","0"
"7","10","80","0"
"6","10","217","0"
"7","10","81","0"
"6","10","218","0"
"7","10","82","0"
"6","10","219","0"
"7","10","83","0"
"6","10","220","0"
"7","10","84","0"
"6","10","221","0"
"6","10","222","0"
"7","10","85","0"
"6","10","223","0"
"7","10","86","0"
"6","10","224","0"
"7","10","87","0"
"6","10","225","0"
"7","10","88","0"
"6","10","226","0"
"6","10","227","0"
"7","10","89","0"
"7","10","90","0"
"6","10","228","0"
"7","10","91","0"
"7","10","92","0"
"6","10","229","0"
"7","10","93","0"
"6","10","230","0"
"7","10","94","0"
"6","10","231","0"
"7","10","95","0"
"6","10","232","0"
"7","10","96","0"
"6","10","233","0"
"7","10","97","0"
"6","10","234","0"
"7","10","98","0"
"6","10","235","0"
"7","10","99","0"
"7","10","100","0"
"6","10","236","0"
"7","10","101","0"
"6","10","237","0"
"7","10","102","0"
"6","10","238","0"
"6","10","239","0"
"7","10","103","0"
"6","10","240","0"
"7","10","104","0"
"6","10","241","0"
"7","10","105","0"
"6","10","242","0"
"7","10","106","0"
"7","10","107","0"
"6","10","243","0"
"6","10","244","0"
"7","10","108","0"
"6","10","245","0"
"7","10","109","0"
"6","10","246","0"
"7","10","110","0"
"2","10","39","2"
"6","10","247","0"
"7","10","111","0"
"6","10","248","0"
"7","10","112","0"
"6","10","249","0"
"7","10","113","0"
"6","10","250","0"
"7","10","114","0"
"6","10","251","0"
"7","10","115","0"
"6","10","252","0"
"7","10","116","0"
"6","10","253","0"
"6","10","254","0"
"6","10","255","0"
"7","10","117","0"
"7","10","118","0"
"6","10","256","0"
"7","10","119","0"
"6","10","257","0"
"7","10","120","0"
"6","10","258","0"
"7","10","121","0"
"6","10","259","0"
"6","10","260","0"
"7","10","122","0"
"6","10","261","0"
"7","10","123","0"
"7","10","124","0"
"6","10","262","0"
"7","10","125","0"
"6","10","263","0"
"7","10","126","0"
"6","10","264","0"
"7","10","127","0"
"6","10","265","0"
"7","10","128","0"
"6","10","266","0"
"6","10","267","0"
"7","10","129","0"
"7","10","130","0"
"6","10","268","0"
"7","10","131","0"
"6","10","269","0"
"7","10","132","0"
"6","10","270","0"
"7","10","133","0"
"6","10","271","0"
"7","10","134","0"
"6","10","272","0"
"7","10","135","0"
"6","10","273","0"
"7","10","136","0"
"6","10","274","0"
"6","10","275","0"
"7","10","137","0"
"6","10","276","0"
"7","10","138","0"
"7","10","139","0"
"6","10","277","0"
"7","10","140","0"
"6","10","278","0"
"7","10","141","0"
"6","10","279","0"
"7","10","142","0"
"6","10","280","0"
"7","10","143","0"
"6","10","281","0"
"7","10","144","0"
"6","10","282","0"
"6","10","283","0"
"7","10","145","0"
"6","10","284","0"
"7","10","146","0"
"6","10","285","0"
"7","10","147","0"
"6","10","286","0"
"7","10","148","0"
"6","10","287","0"
"7","10","149","0"
"6","10","288","0"
"7","10","150","0"
"6","10","289","0"
"7","10","151","0"
"6","10","290","0"
"7","10","152","0"
"7","10","153","0"
"6","10","291","0"
"7","10","154","0"
"6","10","292","0"
"7","10","155","0"
"6","10","293","0"
"7","10","156","0"
"6","10","294","0"
"7","10","157","0"
"6","10","295","0"
"7","10","158","0"
"6","10","296","0"
"7","10","159","0"
"6","10","297","0"
"7","10","160","0"
"6","10","298","0"
"7","10","161","0"
"6","10","299","0"
"6","10","300","0"
"7","10","162","0"
"6","10","301","0"
"7","10","163","0"
"6","10","302","0"
"7","10","164","0"
"6","10","303","0"
"7","10","165","0"
"6","10","304","0"
"7","10","166","0"
"6","10","305","0"
"7","10","167","0"
"6","10","306","0"
"7","10","168","0"
"6","10","307","0"
"7","10","169","0"
"7","10","170","0"
"6","10","308","0"
"7","10","171","0"
"6","10","309","0"
"7","10","172","0"
"6","10","310","0"
"2","10","40","2"
"7","10","173","0"
"6","10","311","0"
"7","10","174","0"
"6","10","312","0"
"7","10","175","0"
"6","10","313","0"
"7","10","176","0"
"6","10","314","0"
"7","10","177","0"
"6","10","315","0"
"7","10","178","0"
"6","10","316","0"
"7","10","179","0"
"6","10","317","0"
"7","10","180","0"
"6","10","318","0"
"7","10","181","0"
"6","10","319","0"
"7","10","182","0"
"6","10","320","0"
"7","10","183","0"
"6","10","321","0"
"7","10","184","0"
"6","10","322","0"
"7","10","185","0"
"6","10","323","0"
"7","10","186","0"
"6","10","324","0"
"7","10","187","0"
"6","10","325","0"
"7","10","188","0"
"6","10","326","0"
"7","10","189","0"
"6","10","327","0"
"7","10","190","0"
"6","10","328","0"
"7","10","191","0"
"6","10","329","0"
"7","10","192","0"
"6","10","330","0"
"7","10","193","0"
"6","10","331","0"
"7","10","194","0"
"6","10","332","0"
"7","10","195","0"
"6","10","333","0"
"7","10","196","0"
"6","10","334","0"
"7","10","197","0"
"6","10","335","0"
"7","10","198","0"
"6","10","336","0"
"6","10","337","0"
"7","10","199","0"
"7","10","200","0"
"6","10","338","0"
"7","10","201","0"
"6","10","339","0"
"7","10","202","0"
"6","10","340","0"
"7","10","203","0"
"6","10","341","0"
"7","10","204","0"
"6","10","342","0"
"7","10","205","0"
"6","10","343","0"
"7","10","206","0"
"6","10","344","0"
"7","10","207","0"
"6","10","345","0"
"7","10","208","0"
"6","10","346","0"
"7","10","209","0"
"6","10","347","0"
"7","10","210","0"
"6","10","348","0"
"7","10","211","0"
"6","10","349","0"
"7","10","212","0"
"6","10","350","0"
"2","10","41","2"
"7","10","213","0"
"6","10","351","0"
"7","10","214","0"
"6","10","352","0"
"6","10","353","0"
"7","10","215","0"
"7","10","216","0"
"6","10","354","0"
"7","10","217","0"
"6","10","355","0"
"7","10","218","0"
"7","10","219","0"
"7","10","220","0"
"6","10","356","0"
"7","10","221","0"
"6","10","357","0"
"7","10","222","0"
"6","10","358","0"
"7","10","223","0"
"6","10","359","0"
"7","10","224","0"
"6","10","360","0"
"7","10","225","0"
"6","10","361","0"
"7","10","226","0"
"6","10","362","0"
"7","10","227","0"
"6","10","363","0"
"7","10","228","0"
"6","10","364","0"
"7","10","229","0"
"6","10","365","0"
"6","10","366","0"
"7","10","230","0"
"7","10","231","0"
"6","10","367","0"
"6","10","368","0"
"7","10","232","0"
"6","10","369","0"
"7","10","233","0"
"6","10","370","0"
"7","10","234","0"
"7","10","235","0"
"6","10","371","0"
"7","10","236","0"
"6","10","372","0"
"6","10","373","0"
"7","10","237","0"
"7","10","238","0"
"6","10","374","0"
"7","10","239","0"
"6","10","375","0"
"6","10","376","0"
"7","10","240","0"
"6","10","377","0"
"7","10","241","0"
"6","10","378","0"
"7","10","242","0"
"6","10","379","0"
"6","10","380","0"
"7","10","243","0"
"6","10","381","0"
"7","10","244","0"
"6","10","382","0"
"7","10","245","0"
"6","10","383","0"
"7","10","246","0"
"6","10","384","0"
"7","10","247","0"
"6","10","385","0"
"7","10","248","0"
"6","10","386","0"
"7","10","249","0"
"6","10","387","0"
"7","10","250","0"
"6","10","388","0"
"7","10","251","0"
"6","10","389","0"
"7","10","252","0"
"6","10","390","0"
"7","10","253","0"
"6","10","391","0"
"7","10","254","0"
"6","10","392","0"
"7","10","255","0"
"6","10","393","0"
"7","10","256","0"
"6","10","394","0"
"7","10","257","0"
"6","10","395","0"
"7","10","258","0"
"6","10","396","0"
"7","10","259","0"
"6","10","397","0"
"7","10","260","0"
"6","10","398","0"
"7","10","261","0"
"7","10","262","0"
"6","10","399","0"
"7","10","263","0"
"6","10","400","0"
"7","10","264","0"
"6","10","401","0"
"6","10","402","0"
"7","10","265","0"
"6","10","403","0"
"7","10","266","0"
"7","10","267","0"
"6","10","404","0"
"7","10","268","0"
"6","10","405","0"
"2","10","42","2"
"7","10","269","0"
"6","10","406","0"
"7","10","270","0"
"6","10","407","0"
"6","10","408","0"
"7","10","271","0"
"6","10","409","0"
"7","10","272","0"
"6","10","410","0"
"7","10","273","0"
"7","10","274","0"
"6","10","411","0"
"6","10","412","0"
"7","10","275","0"
"6","10","413","0"
"7","10","276","0"
"6","10","414","0"
"7","10","277","0"
"6","10","415","0"
"7","10","278","0"
"6","10","416","0"
"7","10","279","0"
"6","10","417","0"
"7","10","280","0"
"6","10","418","0"
"7","10","281","0"
"7","10","282","0"
"6","10","419","0"
"7","10","283","0"
"6","10","420","0"
"7","10","284","0"
"6","10","421","0"
"7","10","285","0"
"6","10","422","0"
"7","10","286","0"
"6","10","423","0"
"7","10","287","0"
"6","10","424","0"
"7","10","288","0"
"6","10","425","0"
"7","10","289","0"
"6","10","426","0"
"7","10","290","0"
"6","10","427","0"
"7","10","291","0"
"6","10","428","0"
"7","10","292","0"
"6","10","429","0"
"6","10","430","0"
"7","10","293","0"
"6","10","431","0"
"7","10","294","0"
"6","10","432","0"
"7","10","295","0"
"7","10","296","0"
"6","10","433","0"
"7","10","297","0"
"6","10","434","0"
"7","10","298","0"
"6","10","435","0"
"7","10","299","0"
"6","10","436","0"
"7","10","300","0"
"7","10","301","0"
"6","10","437","0"
"7","10","302","0"
"6","10","438","0"
"7","10","303","0"
"6","10","439","0"
"7","10","304","0"
"6","10","440","0"
"7","10","305","0"
"6","10","441","0"
"7","10","306","0"
"6","10","442","0"
"7","10","307","0"
"6","10","443","0"
"7","10","308","0"
"6","10","444","0"
"7","10","309","0"
"6","10","445","0"
"7","10","310","0"
"6","10","446","0"
"7","10","311","0"
"6","10","447","0"
"7","10","312","0"
"7","10","313","0"
"6","10","448","0"
"7","10","314","0"
"6","10","449","0"
"6","10","450","0"
"7","10","315","0"
"6","10","451","0"
"7","10","316","0"
"6","10","452","0"
"7","10","317","0"
"6","10","453","0"
"7","10","318","0"
"6","10","454","0"
"7","10","319","0"
"6","10","455","0"
"7","10","320","0"
"6","10","456","0"
"7","10","321","0"
"6","10","457","0"
"7","10","322","0"
"6","10","458","0"
"7","10","323","0"
"6","10","459","0"
"7","10","324","0"
"6","10","460","0"
"7","10","325","0"
"6","10","461","0"
"7","10","326","0"
"6","10","462","0"
"7","10","327","0"
"6","10","463","0"
"6","10","464","0"
"7","10","328","0"
"6","10","465","0"
"7","10","329","0"
"6","10","466","0"
"2","10","43","1"
"7","10","330","0"
"6","10","467","0"
"6","10","468","0"
"7","10","331","0"
"6","10","469","0"
"7","10","332","0"
"6","10","470","0"
"7","10","333","0"
"6","10","471","0"
"7","10","334","0"
"6","10","472","0"
"7","10","335","0"
"6","10","473","0"
"7","10","336","0"
"7","10","337","0"
"6","10","474","0"
"7","10","338","0"
"6","10","475","0"
"7","10","339","0"
"6","10","476","0"
"7","10","340","0"
"6","10","477","0"
"7","10","341","0"
"6","10","478","0"
"7","10","342","0"
"6","10","479","0"
"7","10","343","0"
"7","10","344","0"
"6","10","480","0"
"7","10","345","0"
"6","10","481","0"
"7","10","346","0"
"6","10","482","0"
"7","10","347","0"
"6","10","483","0"
"7","10","348","0"
"6","10","484","0"
"7","10","349","0"
"6","10","485","0"
"7","10","350","0"
"6","10","486","0"
"6","10","487","0"
"7","10","351","0"
"7","10","352","0"
"6","10","488","0"
"6","10","489","0"
"7","10","353","0"
"6","10","490","0"
"7","10","354","0"
"6","10","491","0"
"7","10","355","0"
"6","10","492","0"
"7","10","356","0"
"6","10","493","0"
"7","10","357","0"
"6","10","494","0"
"7","10","358","0"
"6","10","495","0"
"7","10","359","0"
"6","10","496","0"
"7","10","360","0"
"6","10","497","0"
"7","10","361","0"
"6","10","498","0"
"7","10","362","0"
"6","10","499","0"
"7","10","363","0"
"6","10","500","0"
"7","10","364","0"
"8","10","0","10"
"7","10","365","0"
"8","10","1","10"
"7","10","366","0"
"8","10","2","10"
"8","10","3","10"
"7","10","367","0"
"8","10","4","10"
"8","10","5","11"
"7","10","368","0"
"8","10","6","11"
"8","10","7","11"
"8","10","8","11"
"2","10","44","1"
"7","10","369","0"
"8","10","9","11"
"7","10","370","0"
"8","10","10","11"
"7","10","371","0"
"8","10","11","11"
"8","10","12","11"
"7","10","372","0"
"8","10","13","11"
"8","10","14","11"
"7","10","373","0"
"8","10","15","11"
"7","10","374","0"
"8","10","16","11"
"8","10","17","12"
"7","10","375","0"
"8","10","18","13"
"7","10","376","0"
"8","10","19","14"
"8","10","20","14"
"7","10","377","0"
"8","10","21","4"
"7","10","378","0"
"8","10","22","4"
"7","10","379","0"
"8","10","23","4"
"7","10","380","0"
"8","10","24","4"
"8","10","25","3"
"7","10","381","0"
"8","10","26","3"
"7","10","382","0"
"8","10","27","3"
"7","10","383","0"
"8","10","28","3"
"8","10","29","3"
"7","10","384","0"
"8","10","30","3"
"7","10","385","0"
"8","10","31","4"
"7","10","386","0"
"8","10","32","4"
"8","10","33","4"
"7","10","387","0"
"8","10","34","4"
"7","10","388","0"
"8","10","35","4"
"7","10","389","0"
"8","10","36","4"
"7","10","390","0"
"8","10","37","4"
"7","10","391","0"
"8","10","38","3"
"7","10","392","0"
"8","10","39","1"
"8","10","40","1"
"7","10","393","0"
"8","10","41","1"
"7","10","394","0"
"8","10","42","1"
"8","10","43","1"
"7","10","395","0"
"8","10","44","1"
"7","10","396","0"
"8","10","45","1"
"7","10","397","0"
"8","10","46","1"
"8","10","47","1"
"7","10","398","0"
"8","10","48","1"
"7","10","399","0"
"7","10","400","0"
"8","10","49","1"
"7","10","401","0"
"8","10","50","1"
"7","10","402","0"
"8","10","51","0"
"8","10","52","0"
"7","10","403","0"
"8","10","53","0"
"7","10","404","0"
"8","10","54","0"
"7","10","405","0"
"8","10","55","0"
"7","10","406","0"
"8","10","56","0"
"7","10","407","0"
"8","10","57","0"
"7","10","408","0"
"8","10","58","0"
"7","10","409","0"
"8","10","59","0"
"7","10","410","0"
"8","10","60","0"
"7","10","411","0"
"7","10","412","0"
"8","10","61","0"
"8","10","62","0"
"7","10","413","0"
"8","10","63","0"
"7","10","414","0"
"7","10","415","0"
"8","10","64","0"
"7","10","416","0"
"8","10","65","0"
"7","10","417","0"
"8","10","66","0"
"7","10","418","0"
"8","10","67","0"
"7","10","419","0"
"8","10","68","0"
"7","10","420","0"
"8","10","69","0"
"7","10","421","0"
"8","10","70","0"
"7","10","422","0"
"8","10","71","0"
"7","10","423","0"
"8","10","72","0"
"7","10","424","0"
"7","10","425","0"
"8","10","73","0"
"7","10","426","0"
"8","10","74","0"
"7","10","427","0"
"8","10","75","0"
"7","10","428","0"
"2","10","45","1"
"8","10","76","0"
"7","10","429","0"
"8","10","77","0"
"7","10","430","0"
"8","10","78","0"
"7","10","431","0"
"7","10","432","0"
"8","10","79","0"
"7","10","433","0"
"8","10","80","0"
"7","10","434","0"
"7","10","435","0"
"8","10","81","0"
"7","10","436","0"
"8","10","82","0"
"7","10","437","0"
"8","10","83","0"
"7","10","438","0"
"8","10","84","0"
"7","10","439","0"
"8","10","85","0"
"7","10","440","0"
"8","10","86","0"
"7","10","441","0"
"8","10","87","0"
"7","10","442","0"
"8","10","88","0"
"7","10","443","0"
"8","10","89","0"
"7","10","444","0"
"8","10","90","0"
"7","10","445","0"
"8","10","91","0"
"7","10","446","0"
"8","10","92","0"
"7","10","447","0"
"8","10","93","0"
"7","10","448","0"
"8","10","94","0"
"7","10","449","0"
"7","10","450","0"
"8","10","95","0"
"7","10","451","0"
"8","10","96","0"
"8","10","97","0"
"7","10","452","0"
"7","10","453","0"
"8","10","98","0"
"7","10","454","0"
"8","10","99","0"
"7","10","455","0"
"8","10","100","0"
"7","10","456","0"
"8","10","101","0"
"7","10","457","0"
"8","10","102","0"
"7","10","458","0"
"8","10","103","0"
"7","10","459","0"
"8","10","104","0"
"7","10","460","0"
"8","10","105","0"
"7","10","461","0"
"8","10","106","0"
"7","10","462","0"
"8","10","107","0"
"7","10","463","0"
"8","10","108","0"
"7","10","464","0"
"7","10","465","0"
"8","10","109","0"
"8","10","110","0"
"7","10","466","0"
"8","10","111","0"
"7","10","467","0"
"7","10","468","0"
"8","10","112","0"
"7","10","469","0"
"8","10","113","0"
"7","10","470","0"
"8","10","114","0"
"7","10","471","0"
"8","10","115","0"
"7","10","472","0"
"7","10","473","0"
"8","10","116","0"
"7","10","474","0"
"8","10","117","0"
"7","10","475","0"
"8","10","118","0"
"7","10","476","0"
"7","10","477","0"
"8","10","119","0"
"7","10","478","0"
"8","10","120","0"
"7","10","479","0"
"8","10","121","0"
"7","10","480","0"
"8","10","122","0"
"7","10","481","0"
"8","10","123","0"
"7","10","482","0"
"8","10","124","0"
"7","10","483","0"
"8","10","125","0"
"7","10","484","0"
"8","10","126","0"
"7","10","485","0"
"8","10","127","0"
"7","10","486","0"
"8","10","128","0"
"7","10","487","0"
"8","10","129","0"
"7","10","488","0"
"8","10","130","0"
"7","10","489","0"
"8","10","131","0"
"7","10","490","0"
"8","10","132","0"
"7","10","491","0"
"2","10","46","1"
"7","10","492","0"
"8","10","133","0"
"7","10","493","0"
"8","10","134","0"
"7","10","494","0"
"8","10","135","0"
"7","10","495","0"
"8","10","136","0"
"7","10","496","0"
"8","10","137","0"
"7","10","497","0"
"8","10","138","0"
"7","10","498","0"
"8","10","139","0"
"7","10","499","0"
"8","10","140","0"
"7","10","500","0"
"8","10","141","0"
"8","10","142","0"
"9","10","0","10"
"9","10","1","10"
"8","10","143","0"
"9","10","2","10"
"9","10","3","10"
"8","10","144","0"
"9","10","4","10"
"9","10","5","11"
"8","10","145","0"
"9","10","6","11"
"8","10","146","0"
"9","10","7","11"
"9","10","8","11"
"8","10","147","0"
"9","10","9","11"
"8","10","148","0"
"9","10","10","11"
"9","10","11","11"
"8","10","149","0"
"9","10","12","12"
"8","10","150","0"
"9","10","13","13"
"9","10","14","13"
"8","10","151","0"
"9","10","15","13"
"8","10","152","0"
"9","10","16","14"
"9","10","17","14"
"8","10","153","0"
"9","10","18","14"
"8","10","154","0"
"9","10","19","14"
"9","10","20","14"
"8","10","155","0"
"9","10","21","4"
"8","10","156","0"
"9","10","22","4"
"9","10","23","4"
"8","10","157","0"
"9","10","24","4"
"8","10","158","0"
"9","10","25","4"
"9","10","26","3"
"8","10","159","0"
"9","10","27","3"
"8","10","160","0"
"9","10","28","3"
"9","10","29","3"
"8","10","161","0"
"9","10","30","3"
"8","10","162","0"
"9","10","31","3"
"9","10","32","2"
"8","10","163","0"
"9","10","33","2"
"8","10","164","0"
"9","10","34","1"
"9","10","35","1"
"8","10","165","0"
"9","10","36","0"
"8","10","166","0"
"9","10","37","0"
"8","10","167","0"
"9","10","38","0"
"9","10","39","0"
"8","10","168","0"
"9","10","40","0"
"2","10","47","1"
"8","10","169","0"
"9","10","41","0"
"9","10","42","0"
"8","10","170","0"
"9","10","43","0"
"8","10","171","0"
"9","10","44","0"
"8","10","172","0"
"9","10","45","0"
"9","10","46","0"
"8","10","173","0"
"9","10","47","0"
"8","10","174","0"
"9","10","48","0"
"8","10","175","0"
"9","10","49","0"
"8","10","176","0"
"9","10","50","0"
"8","10","177","0"
"9","10","51","0"
"8","10","178","0"
"9","10","52","0"
"8","10","179","0"
"9","10","53","0"
"9","10","54","0"
"8","10","180","0"
"9","10","55","0"
"8","10","181","0"
"9","10","56","0"
"8","10","182","0"
"9","10","57","0"
"8","10","183","0"
"9","10","58","0"
"8","10","184","0"
"9","10","59","0"
"8","10","185","0"
"9","10","60","0"
"8","10","186","0"
"8","10","187","0"
"9","10","61","0"
"8","10","188","0"
"9","10","62","0"
"9","10","63","0"
"8","10","189","0"
"8","10","190","0"
"9","10","64","0"
"9","10","65","0"
"8","10","191","0"
"9","10","66","0"
"8","10","192","0"
"8","10","193","0"
"9","10","67","0"
"8","10","194","0"
"9","10","68","0"
"8","10","195","0"
"9","10","69","0"
"8","10","196","0"
"8","10","197","0"
"9","10","70","0"
"8","10","198","0"
"9","10","71","0"
"9","10","72","0"
"8","10","199","0"
"8","10","200","0"
"9","10","73","0"
"8","10","201","0"
"9","10","74","0"
"9","10","75","0"
"8","10","202","0"
"8","10","203","0"
"9","10","76","0"
"8","10","204","0"
"9","10","77","0"
"9","10","78","0"
"8","10","205","0"
"9","10","79","0"
"8","10","206","0"
"9","10","80","0"
"8","10","207","0"
"9","10","81","0"
"8","10","208","0"
"9","10","82","0"
"8","10","209","0"
"9","10","83","0"
"8","10","210","0"
"9","10","84","0"
"8","10","211","0"
"9","10","85","0"
"8","10","212","0"
"8","10","213","0"
"9","10","86","0"
"9","10","87","0"
"8","10","214","0"
"9","10","88","0"
"8","10","215","0"
"8","10","216","0"
"9","10","89","0"
"8","10","217","0"
"9","10","90","0"
"9","10","91","0"
"8","10","218","0"
"9","10","92","0"
"8","10","219","0"
"9","10","93","0"
"8","10","220","0"
"9","10","94","0"
"8","10","221","0"
"2","10","48","1"
"8","10","222","0"
"9","10","95","0"
"8","10","223","0"
"9","10","96","0"
"8","10","224","0"
"9","10","97","0"
"8","10","225","0"
"9","10","98","0"
"8","10","226","0"
"9","10","99","0"
"8","10","227","0"
"9","10","100","0"
"8","10","228","0"
"9","10","101","0"
"8","10","229","0"
"9","10","102","0"
"8","10","230","0"
"9","10","103","0"
"8","10","231","0"
"9","10","104","0"
"8","10","232","0"
"9","10","105","0"
"8","10","233","0"
"9","10","106","0"
"8","10","234","0"
"9","10","107","0"
"8","10","235","0"
"9","10","108","0"
"8","10","236","0"
"9","10","109","0"
"8","10","237","0"
"9","10","110","0"
"8","10","238","0"
"9","10","111","0"
"8","10","239","0"
"9","10","112","0"
"8","10","240","0"
"9","10","113","0"
"8","10","241","0"
"9","10","114","0"
"8","10","242","0"
"9","10","115","0"
"8","10","243","0"
"9","10","116","0"
"8","10","244","0"
"9","10","117","0"
"8","10","245","0"
"9","10","118","0"
"8","10","246","0"
"9","10","119","0"
"9","10","120","0"
"8","10","247","0"
"9","10","121","0"
"8","10","248","0"
"8","10","249","0"
"9","10","122","0"
"8","10","250","0"
"9","10","123","0"
"8","10","251","0"
"9","10","124","0"
"9","10","125","0"
"8","10","252","0"
"9","10","126","0"
"8","10","253","0"
"8","10","254","0"
"9","10","127","0"
"9","10","128","0"
"8","10","255","0"
"9","10","129","0"
"8","10","256","0"
"9","10","130","0"
"8","10","257","0"
"8","10","258","0"
"9","10","131","0"
"9","10","132","0"
"8","10","259","0"
"8","10","260","0"
"9","10","133","0"
"9","10","134","0"
"8","10","261","0"
"9","10","135","0"
"8","10","262","0"
"8","10","263","0"
"9","10","136","0"
"9","10","137","0"
"8","10","264","0"
"8","10","265","0"
"9","10","138","0"
"8","10","266","0"
"9","10","139","0"
"8","10","267","0"
"9","10","140","0"
"9","10","141","0"
"8","10","268","0"
"8","10","269","0"
"9","10","142","0"
"8","10","270","0"
"9","10","143","0"
"9","10","144","0"
"8","10","271","0"
"9","10","145","0"
"2","10","49","1"
"8","10","272","0"
"9","10","146","0"
"9","10","147","0"
"8","10","273","0"
"9","10","148","0"
"8","10","274","0"
"9","10","149","0"
"8","10","275","0"
"9","10","150","0"
"8","10","276","0"
"9","10","151","0"
"9","10","152","0"
"9","10","153","0"
"9","10","154","0"
"8","10","277","0"
"9","10","155","0"
"8","10","278","0"
"9","10","156","0"
"8","10","279","0"
"9","10","157","0"
"8","10","280","0"
"9","10","158","0"
"8","10","281","0"
"9","10","159","0"
"8","10","282","0"
"9","10","160","0"
"8","10","283","0"
"9","10","161","0"
"8","10","284","0"
"9","10","162","0"
"8","10","285","0"
"9","10","163","0"
"8","10","286","0"
"9","10","164","0"
"8","10","287","0"
"9","10","165","0"
"8","10","288","0"
"9","10","166","0"
"9","10","167","0"
"8","10","289","0"
"8","10","290","0"
"9","10","168","0"
"8","10","291","0"
"9","10","169","0"
"8","10","292","0"
"9","10","170","0"
"8","10","293","0"
"9","10","171","0"
"8","10","294","0"
"9","10","172","0"
"9","10","173","0"
"8","10","295","0"
"8","10","296","0"
"9","10","174","0"
"8","10","297","0"
"9","10","175","0"
"8","10","298","0"
"9","10","176","0"
"8","10","299","0"
"9","10","177","0"
"8","10","300","0"
"9","10","178","0"
"9","10","179","0"
"8","10","301","0"
"8","10","302","0"
"9","10","180","0"
"8","10","303","0"
"9","10","181","0"
"8","10","304","0"
"9","10","182","0"
"8","10","305","0"
"9","10","183","0"
"8","10","306","0"
"9","10","184","0"
"8","10","307","0"
"9","10","185","0"
"8","10","308","0"
"2","10","50","1"
"9","10","186","0"
"8","10","309","0"
"9","10","187","0"
"8","10","310","0"
"9","10","188","0"
"8","10","311","0"
"9","10","189","0"
"8","10","312","0"
"8","10","313","0"
"9","10","190","0"
"8","10","314","0"
"9","10","191","0"
"8","10","315","0"
"9","10","192","0"
"8","10","316","0"
"9","10","193","0"
"8","10","317","0"
"9","10","194","0"
"9","10","195","0"
"8","10","318","0"
"9","10","196","0"
"8","10","319","0"
"9","10","197","0"
"8","10","320","0"
"9","10","198","0"
"8","10","321","0"
"9","10","199","0"
"8","10","322","0"
"9","10","200","0"
"8","10","323","0"
"8","10","324","0"
"9","10","201","0"
"8","10","325","0"
"9","10","202","0"
"8","10","326","0"
"9","10","203","0"
"9","10","204","0"
"8","10","327","0"
"9","10","205","0"
"8","10","328","0"
"9","10","206","0"
"8","10","329","0"
"9","10","207","0"
"8","10","330","0"
"9","10","208","0"
"9","10","209","0"
"8","10","331","0"
"8","10","332","0"
"9","10","210","0"
"8","10","333","0"
"9","10","211","0"
"8","10","334","0"
"9","10","212","0"
"8","10","335","0"
"9","10","213","0"
"8","10","336","0"
"9","10","214","0"
"8","10","337","0"
"9","10","215","0"
"8","10","338","0"
"9","10","216","0"
"8","10","339","0"
"9","10","217","0"
"8","10","340","0"
"9","10","218","0"
"8","10","341","0"
"9","10","219","0"
"9","10","220","0"
"8","10","342","0"
"8","10","343","0"
"9","10","221","0"
"8","10","344","0"
"9","10","222","0"
"9","10","223","0"
"8","10","345","0"
"9","10","224","0"
"8","10","346","0"
"9","10","225","0"
"8","10","347","0"
"9","10","226","0"
"8","10","348","0"
"9","10","227","0"
"8","10","349","0"
"8","10","350","0"
"9","10","228","0"
"8","10","351","0"
"9","10","229","0"
"8","10","352","0"
"9","10","230","0"
"8","10","353","0"
"9","10","231","0"
"8","10","354","0"
"9","10","232","0"
"9","10","233","0"
"8","10","355","0"
"8","10","356","0"
"9","10","234","0"
"9","10","235","0"
"8","10","357","0"
"9","10","236","0"
"8","10","358","0"
"9","10","237","0"
"8","10","359","0"
"8","10","360","0"
"9","10","238","0"
"8","10","361","0"
"9","10","239","0"
"8","10","362","0"
"9","10","240","0"
"8","10","363","0"
"9","10","241","0"
"8","10","364","0"
"9","10","242","0"
"9","10","243","0"
"8","10","365","0"
"8","10","366","0"
"9","10","244","0"
"2","10","51","1"
"9","10","245","0"
"8","10","367","0"
"8","10","368","0"
"9","10","246","0"
"8","10","369","0"
"9","10","247","0"
"8","10","370","0"
"9","10","248","0"
"8","10","371","0"
"9","10","249","0"
"8","10","372","0"
"9","10","250","0"
"8","10","373","0"
"9","10","251","0"
"8","10","374","0"
"9","10","252","0"
"8","10","375","0"
"9","10","253","0"
"8","10","376","0"
"9","10","254","0"
"8","10","377","0"
"9","10","255","0"
"8","10","378","0"
"9","10","256","0"
"8","10","379","0"
"9","10","257","0"
"8","10","380","0"
"9","10","258","0"
"8","10","381","0"
"9","10","259","0"
"8","10","382","0"
"9","10","260","0"
"8","10","383","0"
"9","10","261","0"
"8","10","384","0"
"9","10","262","0"
"8","10","385","0"
"9","10","263","0"
"8","10","386","0"
"9","10","264","0"
"8","10","387","0"
"9","10","265","0"
"8","10","388","0"
"9","10","266","0"
"8","10","389","0"
"9","10","267","0"
"8","10","390","0"
"9","10","268","0"
"8","10","391","0"
"9","10","269","0"
"8","10","392","0"
"9","10","270","0"
"8","10","393","0"
"9","10","271","0"
"8","10","394","0"
"9","10","272","0"
"8","10","395","0"
"9","10","273","0"
"8","10","396","0"
"9","10","274","0"
"8","10","397","0"
"9","10","275","0"
"8","10","398","0"
"9","10","276","0"
"8","10","399","0"
"9","10","277","0"
"9","10","278","0"
"8","10","400","0"
"9","10","279","0"
"8","10","401","0"
"8","10","402","0"
"9","10","280","0"
"9","10","281","0"
"8","10","403","0"
"8","10","404","0"
"9","10","282","0"
"8","10","405","0"
"9","10","283","0"
"8","10","406","0"
"9","10","284","0"
"8","10","407","0"
"9","10","285","0"
"8","10","408","0"
"9","10","286","0"
"9","10","287","0"
"8","10","409","0"
"9","10","288","0"
"8","10","410","0"
"9","10","289","0"
"8","10","411","0"
"9","10","290","0"
"8","10","412","0"
"8","10","413","0"
"9","10","291","0"
"8","10","414","0"
"9","10","292","0"
"8","10","415","0"
"8","10","416","0"
"9","10","293","0"
"8","10","417","0"
"9","10","294","0"
"9","10","295","0"
"8","10","418","0"
"9","10","296","0"
"8","10","419","0"
"8","10","420","0"
"9","10","297","0"
"8","10","421","0"
"9","10","298","0"
"9","10","299","0"
"8","10","422","0"
"8","10","423","0"
"9","10","300","0"
"8","10","424","0"
"9","10","301","0"
"9","10","302","0"
"8","10","425","0"
"9","10","303","0"
"8","10","426","0"
"8","10","427","0"
"9","10","304","0"
"8","10","428","0"
"9","10","305","0"
"8","10","429","0"
"9","10","306","0"
"9","10","307","0"
"8","10","430","0"
"2","10","52","1"
"9","10","308","0"
"8","10","431","0"
"8","10","432","0"
"9","10","309","0"
"9","10","310","0"
"8","10","433","0"
"9","10","311","0"
"8","10","434","0"
"9","10","312","0"
"8","10","435","0"
"9","10","313","0"
"8","10","436","0"
"9","10","314","0"
"8","10","437","0"
"9","10","315","0"
"8","10","438","0"
"9","10","316","0"
"8","10","439","0"
"9","10","317","0"
"8","10","440","0"
"9","10","318","0"
"8","10","441","0"
"8","10","442","0"
"9","10","319","0"
"9","10","320","0"
"8","10","443","0"
"9","10","321","0"
"8","10","444","0"
"9","10","322","0"
"8","10","445","0"
"9","10","323","0"
"8","10","446","0"
"9","10","324","0"
"8","10","447","0"
"9","10","325","0"
"8","10","448","0"
"9","10","326","0"
"8","10","449","0"
"9","10","327","0"
"8","10","450","0"
"9","10","328","0"
"8","10","451","0"
"8","10","452","0"
"9","10","329","0"
"8","10","453","0"
"9","10","330","0"
"8","10","454","0"
"9","10","331","0"
"8","10","455","0"
"9","10","332","0"
"9","10","333","0"
"8","10","456","0"
"9","10","334","0"
"8","10","457","0"
"8","10","458","0"
"9","10","335","0"
"8","10","459","0"
"9","10","336","0"
"9","10","337","0"
"9","10","338","0"
"8","10","460","0"
"9","10","339","0"
"8","10","461","0"
"8","10","462","0"
"9","10","340","0"
"9","10","341","0"
"8","10","463","0"
"9","10","342","0"
"8","10","464","0"
"9","10","343","0"
"8","10","465","0"
"9","10","344","0"
"8","10","466","0"
"9","10","345","0"
"8","10","467","0"
"9","10","346","0"
"8","10","468","0"
"9","10","347","0"
"8","10","469","0"
"9","10","348","0"
"8","10","470","0"
"9","10","349","0"
"8","10","471","0"
"2","10","53","1"
"9","10","350","0"
"8","10","472","0"
"9","10","351","0"
"8","10","473","0"
"9","10","352","0"
"8","10","474","0"
"9","10","353","0"
"8","10","475","0"
"9","10","354","0"
"8","10","476","0"
"9","10","355","0"
"8","10","477","0"
"9","10","356","0"
"8","10","478","0"
"9","10","357","0"
"8","10","479","0"
"9","10","358","0"
"8","10","480","0"
"9","10","359","0"
"8","10","481","0"
"9","10","360","0"
"8","10","482","0"
"9","10","361","0"
"8","10","483","0"
"9","10","362","0"
"8","10","484","0"
"9","10","363","0"
"8","10","485","0"
"9","10","364","0"
"8","10","486","0"
"9","10","365","0"
"8","10","487","0"
"9","10","366","0"
"8","10","488","0"
"9","10","367","0"
"9","10","368","0"
"8","10","489","0"
"9","10","369","0"
"8","10","490","0"
"8","10","491","0"
"9","10","370","0"
"8","10","492","0"
"9","10","371","0"
"8","10","493","0"
"9","10","372","0"
"9","10","373","0"
"8","10","494","0"
"9","10","374","0"
"8","10","495","0"
"9","10","375","0"
"8","10","496","0"
"8","10","497","0"
"9","10","376","0"
"8","10","498","0"
"9","10","377","0"
"8","10","499","0"
"9","10","378","0"
"8","10","500","0"
"9","10","379","0"
"9","10","380","0"
"10","10","0","10"
"9","10","381","0"
"10","10","1","10"
"10","10","2","10"
"9","10","382","0"
"10","10","3","10"
"10","10","4","10"
"9","10","383","0"
"10","10","5","10"
"9","10","384","0"
"10","10","6","10"
"10","10","7","10"
"9","10","385","0"
"10","10","8","10"
"9","10","386","0"
"10","10","9","10"
"10","10","10","10"
"9","10","387","0"
"10","10","11","11"
"9","10","388","0"
"10","10","12","11"
"10","10","13","11"
"9","10","389","0"
"10","10","14","11"
"10","10","15","12"
"9","10","390","0"
"10","10","16","12"
"9","10","391","0"
"10","10","17","12"
"9","10","392","0"
"10","10","18","12"
"10","10","19","12"
"9","10","393","0"
"10","10","20","12"
"9","10","394","0"
"10","10","21","2"
"10","10","22","2"
"9","10","395","0"
"10","10","23","2"
"9","10","396","0"
"10","10","24","2"
"9","10","397","0"
"10","10","25","2"
"10","10","26","2"
"9","10","398","0"
"10","10","27","2"
"9","10","399","0"
"10","10","28","2"
"10","10","29","2"
"9","10","400","0"
"10","10","30","2"
"9","10","401","0"
"10","10","31","2"
"10","10","32","1"
"9","10","402","0"
"10","10","33","1"
"9","10","403","0"
"10","10","34","1"
"9","10","404","0"
"10","10","35","1"
"9","10","405","0"
"10","10","36","0"
"10","10","37","0"
"9","10","406","0"
"10","10","38","0"
"9","10","407","0"
"10","10","39","0"
"9","10","408","0"
"10","10","40","0"
"10","10","41","0"
"2","10","54","1"
"9","10","409","0"
"10","10","42","0"
"9","10","410","0"
"10","10","43","0"
"10","10","44","0"
"9","10","411","0"
"10","10","45","0"
"10","10","46","0"
"9","10","412","0"
"10","10","47","0"
"9","10","413","0"
"10","10","48","0"
"9","10","414","0"
"10","10","49","0"
"9","10","415","0"
"10","10","50","0"
"10","10","51","0"
"9","10","416","0"
"10","10","52","0"
"9","10","417","0"
"10","10","53","0"
"9","10","418","0"
"10","10","54","0"
"9","10","419","0"
"10","10","55","0"
"9","10","420","0"
"10","10","56","0"
"9","10","421","0"
"10","10","57","0"
"9","10","422","0"
"10","10","58","0"
"10","10","59","0"
"9","10","423","0"
"9","10","424","0"
"10","10","60","0"
"10","10","61","0"
"9","10","425","0"
"10","10","62","0"
"9","10","426","0"
"10","10","63","0"
"9","10","427","0"
"10","10","64","0"
"9","10","428","0"
"10","10","65","0"
"9","10","429","0"
"10","10","66","0"
"9","10","430","0"
"10","10","67","0"
"9","10","431","0"
"10","10","68","0"
"9","10","432","0"
"9","10","433","0"
"10","10","69","0"
"10","10","70","0"
"9","10","434","0"
"9","10","435","0"
"10","10","71","0"
"9","10","436","0"
"10","10","72","0"
"9","10","437","0"
"10","10","73","0"
"9","10","438","0"
"10","10","74","0"
"9","10","439","0"
"10","10","75","0"
"9","10","440","0"
"10","10","76","0"
"9","10","441","0"
"10","10","77","0"
"9","10","442","0"
"10","10","78","0"
"9","10","443","0"
"9","10","444","0"
"10","10","79","0"
"9","10","445","0"
"10","10","80","0"
"9","10","446","0"
"10","10","81","0"
"9","10","447","0"
"10","10","82","0"
"9","10","448","0"
"10","10","83","0"
"10","10","84","0"
"9","10","449","0"
"9","10","450","0"
"10","10","85","0"
"9","10","451","0"
"10","10","86","0"
"9","10","452","0"
"10","10","87","0"
"9","10","453","0"
"10","10","88","0"
"9","10","454","0"
"10","10","89","0"
"9","10","455","0"
"10","10","90","0"
"9","10","456","0"
"10","10","91","0"
"9","10","457","0"
"10","10","92","0"
"9","10","458","0"
"10","10","93","0"
"9","10","459","0"
"10","10","94","0"
"9","10","460","0"
"10","10","95","0"
"9","10","461","0"
"10","10","96","0"
"9","10","462","0"
"10","10","97","0"
"9","10","463","0"
"10","10","98","0"
"9","10","464","0"
"10","10","99","0"
"9","10","465","0"
"10","10","100","0"
"9","10","466","0"
"10","10","101","0"
"9","10","467","0"
"10","10","102","0"
"9","10","468","0"
"10","10","103","0"
"2","10","55","1"
"9","10","469","0"
"10","10","104","0"
"9","10","470","0"
"10","10","105","0"
"9","10","471","0"
"10","10","106","0"
"9","10","472","0"
"10","10","107","0"
"10","10","108","0"
"9","10","473","0"
"10","10","109","0"
"9","10","474","0"
"10","10","110","0"
"9","10","475","0"
"9","10","476","0"
"10","10","111","0"
"9","10","477","0"
"10","10","112","0"
"9","10","478","0"
"10","10","113","0"
"9","10","479","0"
"10","10","114","0"
"9","10","480","0"
"10","10","115","0"
"10","10","116","0"
"9","10","481","0"
"9","10","482","0"
"10","10","117","0"
"9","10","483","0"
"10","10","118","0"
"10","10","119","0"
"9","10","484","0"
"9","10","485","0"
"10","10","120","0"
"9","10","486","0"
"10","10","121","0"
"9","10","487","0"
"10","10","122","0"
"9","10","488","0"
"10","10","123","0"
"9","10","489","0"
"10","10","124","0"
"9","10","490","0"
"10","10","125","0"
"9","10","491","0"
"10","10","126","0"
"9","10","492","0"
"10","10","127","0"
"9","10","493","0"
"10","10","128","0"
"9","10","494","0"
"10","10","129","0"
"10","10","130","0"
"9","10","495","0"
"9","10","496","0"
"10","10","131","0"
"9","10","497","0"
"10","10","132","0"
"9","10","498","0"
"10","10","133","0"
"9","10","499","0"
"10","10","134","0"
"10","10","135","0"
"9","10","500","0"
"10","10","136","0"
"11","50","0","10"
"10","10","137","0"
"11","50","1","11"
"11","50","2","11"
"10","10","138","0"
"11","50","3","12"
"11","50","4","12"
"10","10","139","0"
"11","50","5","12"
"10","10","140","0"
"11","50","6","14"
"11","50","7","15"
"10","10","141","0"
"11","50","8","15"
"10","10","142","0"
"11","50","9","15"
"11","50","10","17"
"10","10","143","0"
"11","50","11","18"
"10","10","144","0"
"11","50","12","19"
"11","50","13","20"
"2","10","56","1"
"10","10","145","0"
"11","50","14","22"
"11","50","15","24"
"10","10","146","0"
"11","50","16","24"
"10","10","147","0"
"11","50","17","25"
"10","10","148","0"
"11","50","18","28"
"11","50","19","29"
"10","10","149","0"
"11","50","20","28"
"10","10","150","0"
"11","50","21","21"
"10","10","151","0"
"11","50","22","20"
"11","50","23","21"
"10","10","152","0"
"11","50","24","21"
"11","50","25","23"
"11","50","26","24"
"10","10","153","0"
"11","50","27","24"
"10","10","154","0"
"11","50","28","23"
"10","10","155","0"
"11","50","29","23"
"10","10","156","0"
"11","50","30","21"
"11","50","31","20"
"10","10","157","0"
"11","50","32","21"
"10","10","158","0"
"11","50","33","21"
"10","10","159","0"
"11","50","34","20"
"10","10","160","0"
"11","50","35","18"
"10","10","161","0"
"11","50","36","19"
"11","50","37","20"
"10","10","162","0"
"11","50","38","21"
"10","10","163","0"
"11","50","39","20"
"10","10","164","0"
"11","50","40","22"
"10","10","165","0"
"11","50","41","22"
"10","10","166","0"
"11","50","42","22"
"10","10","167","0"
"11","50","43","22"
"11","50","44","23"
"10","10","168","0"
"11","50","45","22"
"10","10","169","0"
"11","50","46","24"
"10","10","170","0"
"11","50","47","21"
"10","10","171","0"
"11","50","48","22"
"10","10","172","0"
"10","10","173","0"
"11","50","49","25"
"11","50","50","27"
"10","10","174","0"
"10","10","175","0"
"11","50","51","27"
"11","50","52","28"
"10","10","176","0"
"11","50","53","25"
"10","10","177","0"
"11","50","54","26"
"10","10","178","0"
"11","50","55","26"
"10","10","179","0"
"11","50","56","28"
"10","10","180","0"
"11","50","57","29"
"10","10","181","0"
"10","10","182","0"
"11","50","58","32"
"10","10","183","0"
"11","50","59","31"
"10","10","184","0"
"11","50","60","33"
"10","10","185","0"
"11","50","61","32"
"10","10","186","0"
"11","50","62","31"
"10","10","187","0"
"11","50","63","32"
"10","10","188","0"
"11","50","64","33"
"10","10","189","0"
"11","50","65","33"
"10","10","190","0"
"11","50","66","35"
"10","10","191","0"
"11","50","67","34"
"10","10","192","0"
"10","10","193","0"
"11","50","68","35"
"10","10","194","0"
"11","50","69","33"
"11","50","70","34"
"10","10","195","0"
"10","10","196","0"
"11","50","71","35"
"10","10","197","0"
"11","50","72","38"
"2","10","57","1"
"10","10","198","0"
"11","50","73","37"
"10","10","199","0"
"11","50","74","38"
"10","10","200","0"
"11","50","75","38"
"10","10","201","0"
"11","50","76","36"
"10","10","202","0"
"11","50","77","41"
"10","10","203","0"
"11","50","78","40"
"10","10","204","0"
"10","10","205","0"
"11","50","79","39"
"10","10","206","0"
"11","50","80","42"
"10","10","207","0"
"11","50","81","39"
"10","10","208","0"
"11","50","82","42"
"10","10","209","0"
"11","50","83","44"
"10","10","210","0"
"11","50","84","47"
"10","10","211","0"
"11","50","85","45"
"10","10","212","0"
"11","50","86","44"
"10","10","213","0"
"10","10","214","0"
"11","50","87","44"
"10","10","215","0"
"11","50","88","50"
"10","10","216","0"
"11","50","89","52"
"10","10","217","0"
"10","10","218","0"
"11","50","90","51"
"10","10","219","0"
"10","10","220","0"
"11","50","91","59"
"10","10","221","0"
"11","50","92","60"
"10","10","222","0"
"11","50","93","65"
"10","10","223","0"
"11","50","94","70"
"10","10","224","0"
"10","10","225","0"
"11","50","95","79"
"10","10","226","0"
"11","50","96","80"
"10","10","227","0"
"11","50","97","79"
"10","10","228","0"
"11","50","98","81"
"10","10","229","0"
"11","50","99","87"
"10","10","230","0"
"10","10","231","0"
"11","50","100","85"
"10","10","232","0"
"11","50","101","85"
"10","10","233","0"
"11","50","102","89"
"10","10","234","0"
"10","10","235","0"
"11","50","103","92"
"10","10","236","0"
"11","50","104","95"
"10","10","237","0"
"11","50","105","98"
"10","10","238","0"
"10","10","239","0"
"11","50","106","104"
"10","10","240","0"
"11","50","107","110"
"10","10","241","0"
"10","10","242","0"
"11","50","108","109"
"10","10","243","0"
"11","50","109","109"
"10","10","244","0"
"10","10","245","0"
"11","50","110","108"
"10","10","246","0"
"10","10","247","0"
"11","50","111","103"
"10","10","248","0"
"11","50","112","99"
"10","10","249","0"
"11","50","113","103"
"10","10","250","0"
"11","50","114","98"
"10","10","251","0"
"11","50","115","93"
"10","10","252","0"
"11","50","116","93"
"10","10","253","0"
"10","10","254","0"
"11","50","117","97"
"2","10","58","1"
"10","10","255","0"
"11","50","118","95"
"10","10","256","0"
"11","50","119","88"
"10","10","257","0"
"11","50","120","86"
"10","10","258","0"
"10","10","259","0"
"11","50","121","90"
"11","50","122","89"
"11","50","123","83"
"10","10","260","0"
"10","10","261","0"
"11","50","124","77"
"10","10","262","0"
"11","50","125","78"
"10","10","263","0"
"11","50","126","74"
"10","10","264","0"
"11","50","127","70"
"10","10","265","0"
"10","10","266","0"
"11","50","128","70"
"10","10","267","0"
"11","50","129","68"
"10","10","268","0"
"10","10","269","0"
"11","50","130","71"
"10","10","270","0"
"11","50","131","72"
"10","10","271","0"
"10","10","272","0"
"11","50","132","72"
"10","10","273","0"
"11","50","133","69"
"10","10","274","0"
"11","50","134","67"
"10","10","275","0"
"11","50","135","63"
"10","10","276","0"
"10","10","277","0"
"11","50","136","64"
"10","10","278","0"
"11","50","137","66"
"10","10","279","0"
"11","50","138","66"
"10","10","280","0"
"11","50","139","70"
"10","10","281","0"
"10","10","282","0"
"11","50","140","71"
"10","10","283","0"
"11","50","141","64"
"10","10","284","0"
"10","10","285","0"
"11","50","142","64"
"10","10","286","0"
"11","50","143","65"
"10","10","287","0"
"11","50","144","67"
"10","10","288","0"
"11","50","145","67"
"10","10","289","0"
"10","10","290","0"
"11","50","146","65"
"10","10","291","0"
"11","50","147","60"
"10","10","292","0"
"11","50","148","59"
"2","10","59","1"
"10","10","293","0"
"10","10","294","0"
"11","50","149","56"
"10","10","295","0"
"11","50","150","56"
"10","10","296","0"
"11","50","151","50"
"10","10","297","0"
"11","50","152","51"
"10","10","298","0"
"11","50","153","46"
"10","10","299","0"
"11","50","154","45"
"10","10","300","0"
"11","50","155","50"
"10","10","301","0"
"11","50","156","46"
"10","10","302","0"
"11","50","157","42"
"10","10","303","0"
"11","50","158","38"
"10","10","304","0"
"10","10","305","0"
"11","50","159","35"
"10","10","306","0"
"11","50","160","35"
"10","10","307","0"
"11","50","161","36"
"10","10","308","0"
"11","50","162","36"
"10","10","309","0"
"11","50","163","32"
"10","10","310","0"
"11","50","164","30"
"10","10","311","0"
"10","10","312","0"
"11","50","165","28"
"10","10","313","0"
"11","50","166","27"
"10","10","314","0"
"11","50","167","28"
"10","10","315","0"
"11","50","168","27"
"10","10","316","0"
"10","10","317","0"
"11","50","169","27"
"10","10","318","0"
"11","50","170","29"
"10","10","319","0"
"11","50","171","29"
"10","10","320","0"
"11","50","172","34"
"11","50","173","33"
"10","10","321","0"
"10","10","322","0"
"11","50","174","34"
"10","10","323","0"
"11","50","175","32"
"10","10","324","0"
"11","50","176","32"
"10","10","325","0"
"11","50","177","33"
"10","10","326","0"
"11","50","178","32"
"10","10","327","0"
"10","10","328","0"
"11","50","179","34"
"10","10","329","0"
"11","50","180","37"
"10","10","330","0"
"11","50","181","34"
"10","10","331","0"
"11","50","182","33"
"10","10","332","0"
"11","50","183","37"
"10","10","333","0"
"11","50","184","39"
"10","10","334","0"
"2","10","60","0"
"11","50","185","39"
"10","10","335","0"
"11","50","186","42"
"10","10","336","0"
"10","10","337","0"
"11","50","187","44"
"10","10","338","0"
"11","50","188","43"
"10","10","339","0"
"11","50","189","42"
"10","10","340","0"
"10","10","341","0"
"10","10","342","0"
"11","50","190","42"
"10","10","343","0"
"11","50","191","41"
"10","10","344","0"
"10","10","345","0"
"11","50","192","40"
"10","10","346","0"
"11","50","193","37"
"10","10","347","0"
"11","50","194","37"
"10","10","348","0"
"11","50","195","36"
"10","10","349","0"
"11","50","196","35"
"10","10","350","0"
"10","10","351","0"
"11","50","197","34"
"10","10","352","0"
"11","50","198","33"
"10","10","353","0"
"11","50","199","34"
"10","10","354","0"
"11","50","200","34"
"10","10","355","0"
"11","50","201","34"
"10","10","356","0"
"10","10","357","0"
"11","50","202","34"
"10","10","358","0"
"11","50","203","33"
"10","10","359","0"
"11","50","204","34"
"10","10","360","0"
"11","50","205","34"
"10","10","361","0"
"11","50","206","33"
"10","10","362","0"
"11","50","207","34"
"10","10","363","0"
"10","10","364","0"
"11","50","208","36"
"10","10","365","0"
"11","50","209","35"
"10","10","366","0"
"11","50","210","38"
"10","10","367","0"
"11","50","211","37"
"10","10","368","0"
"11","50","212","38"
"10","10","369","0"
"11","50","213","40"
"10","10","370","0"
"10","10","371","0"
"11","50","214","43"
"10","10","372","0"
"11","50","215","47"
"10","10","373","0"
"11","50","216","52"
"10","10","374","0"
"11","50","217","55"
"10","10","375","0"
"10","10","376","0"
"11","50","218","57"
"10","10","377","0"
"11","50","219","60"
"10","10","378","0"
"11","50","220","66"
"10","10","379","0"
"11","50","221","64"
"10","10","380","0"
"11","50","222","69"
"10","10","381","0"
"10","10","382","0"
"11","50","223","68"
"10","10","383","0"
"11","50","224","72"
"10","10","384","0"
"11","50","225","73"
"10","10","385","0"
"11","50","226","79"
"10","10","386","0"
"11","50","227","80"
"10","10","387","0"
"11","50","228","79"
"10","10","388","0"
"11","50","229","83"
"10","10","389","0"
"10","10","390","0"
"11","50","230","88"
"10","10","391","0"
"11","50","231","93"
"10","10","392","0"
"11","50","232","94"
"10","10","393","0"
"11","50","233","98"
"10","10","394","0"
"10","10","395","0"
"11","50","234","96"
"10","10","396","0"
"11","50","235","97"
"10","10","397","0"
"10","10","398","0"
"11","50","236","94"
"11","50","237","96"
"10","10","399","0"
"2","10","61","0"
"11","50","238","95"
"10","10","400","0"
"10","10","401","0"
"11","50","239","94"
"10","10","402","0"
"11","50","240","89"
"10","10","403","0"
"11","50","241","93"
"10","10","404","0"
"11","50","242","93"
"10","10","405","0"
"11","50","243","93"
"10","10","406","0"
"11","50","244","94"
"10","10","407","0"
"11","50","245","92"
"10","10","408","0"
"10","10","409","0"
"11","50","246","88"
"10","10","410","0"
"11","50","247","89"
"10","10","411","0"
"11","50","248","90"
"10","10","412","0"
"11","50","249","87"
"10","10","413","0"
"10","10","414","0"
"11","50","250","85"
"10","10","415","0"
"11","50","251","79"
"10","10","416","0"
"11","50","252","78"
"10","10","417","0"
"11","50","253","74"
"10","10","418","0"
"11","50","254","76"
"10","10","419","0"
"10","10","420","0"
"11","50","255","74"
"10","10","421","0"
"11","50","256","74"
"10","10","422","0"
"11","50","257","69"
"10","10","423","0"
"11","50","258","68"
"10","10","424","0"
"11","50","259","65"
"10","10","425","0"
"11","50","260","64"
"10","10","426","0"
"11","50","261","61"
"10","10","427","0"
"11","50","262","58"
"10","10","428","0"
"11","50","263","53"
"10","10","429","0"
"10","10","430","0"
"11","50","264","50"
"2","10","62","0"
"10","10","431","0"
"11","50","265","52"
"10","10","432","0"
"11","50","266","50"
"10","10","433","0"
"11","50","267","47"
"10","10","434","0"
"10","10","435","0"
"11","50","268","43"
"10","10","436","0"
"11","50","269","44"
"10","10","437","0"
"11","50","270","43"
"10","10","438","0"
"11","50","271","44"
"10","10","439","0"
"11","50","272","43"
"10","10","440","0"
"10","10","441","0"
"11","50","273","44"
"10","10","442","0"
"11","50","274","43"
"10","10","443","0"
"11","50","275","40"
"10","10","444","0"
"11","50","276","40"
"10","10","445","0"
"10","10","446","0"
"11","50","277","41"
"10","10","447","0"
"11","50","278","42"
"10","10","448","0"
"11","50","279","47"
"10","10","449","0"
"11","50","280","48"
"10","10","450","0"
"11","50","281","49"
"10","10","451","0"
"11","50","282","46"
"10","10","452","0"
"11","50","283","46"
"10","10","453","0"
"11","50","284","46"
"10","10","454","0"
"10","10","455","0"
"11","50","285","48"
"10","10","456","0"
"11","50","286","42"
"10","10","457","0"
"11","50","287","42"
"10","10","458","0"
"11","50","288","41"
"10","10","459","0"
"10","10","460","0"
"11","50","289","42"
"10","10","461","0"
"11","50","290","41"
"10","10","462","0"
"11","50","291","37"
"10","10","463","0"
"11","50","292","38"
"10","10","464","0"
"10","10","465","0"
"11","50","293","38"
"10","10","466","0"
"11","50","294","37"
"10","10","467","0"
"11","50","295","41"
"10","10","468","0"
"10","10","469","0"
"11","50","296","40"
"10","10","470","0"
"11","50","297","40"
"10","10","471","0"
"11","50","298","42"
"10","10","472","0"
"11","50","299","39"
"10","10","473","0"
"11","50","300","36"
"10","10","474","0"
"10","10","475","0"
"11","50","301","34"
"10","10","476","0"
"11","50","302","34"
"10","10","477","0"
"11","50","303","38"
"10","10","478","0"
"11","50","304","41"
"10","10","479","0"
"11","50","305","40"
"10","10","480","0"
"11","50","306","38"
"10","10","481","0"
"10","10","482","0"
"11","50","307","40"
"10","10","483","0"
"11","50","308","43"
"10","10","484","0"
"11","50","309","43"
"10","10","485","0"
"10","10","486","0"
"11","50","310","46"
"10","10","487","0"
"11","50","311","47"
"10","10","488","0"
"11","50","312","52"
"10","10","489","0"
"11","50","313","53"
"10","10","490","0"
"2","10","63","0"
"11","50","314","57"
"10","10","491","0"
"10","10","492","0"
"11","50","315","59"
"10","10","493","0"
"11","50","316","57"
"10","10","494","0"
"11","50","317","58"
"10","10","495","0"
"11","50","318","63"
"10","10","496","0"
"11","50","319","64"
"10","10","497","0"
"11","50","320","62"
"10","10","498","0"
"11","50","321","61"
"10","10","499","0"
"10","10","500","0"
"11","50","322","66"
"11","50","323","68"
"12","50","0","10"
"12","50","1","10"
"11","50","324","69"
"12","50","2","11"
"12","50","3","11"
"11","50","325","71"
"12","50","4","13"
"12","50","5","15"
"11","50","326","77"
"12","50","6","17"
"12","50","7","19"
"11","50","327","83"
"12","50","8","19"
"12","50","9","22"
"11","50","328","86"
"12","50","10","22"
"12","50","11","22"
"11","50","329","84"
"12","50","12","25"
"12","50","13","26"
"11","50","330","83"
"12","50","14","26"
"12","50","15","27"
"11","50","331","84"
"12","50","16","30"
"11","50","332","83"
"12","50","17","33"
"12","50","18","36"
"11","50","333","83"
"12","50","19","41"
"12","50","20","42"
"11","50","334","79"
"12","50","21","32"
"11","50","335","76"
"12","50","22","33"
"12","50","23","38"
"11","50","336","79"
"12","50","24","39"
"11","50","337","78"
"12","50","25","38"
"11","50","338","76"
"12","50","26","37"
"11","50","339","75"
"12","50","27","36"
"12","50","28","36"
"11","50","340","77"
"12","50","29","34"
"12","50","30","37"
"11","50","341","81"
"12","50","31","38"
"11","50","342","80"
"12","50","32","40"
"12","50","33","40"
"11","50","343","80"
"12","50","34","40"
"12","50","35","40"
"11","50","344","82"
"11","50","345","78"
"12","50","36","40"
"11","50","346","79"
"12","50","37","40"
"11","50","347","77"
"12","50","38","37"
"12","50","39","34"
"11","50","348","72"
"12","50","40","32"
"11","50","349","71"
"12","50","41","33"
"12","50","42","34"
"11","50","350","72"
"12","50","43","33"
"11","50","351","70"
"12","50","44","29"
"12","50","45","28"
"11","50","352","67"
"12","50","46","29"
"11","50","353","67"
"12","50","47","30"
"12","50","48","34"
"11","50","354","72"
"12","50","49","36"
"12","50","50","37"
"11","50","355","71"
"12","50","51","35"
"11","50","356","70"
"12","50","52","35"
"11","50","357","67"
"12","50","53","34"
"11","50","358","64"
"12","50","54","33"
"11","50","359","65"
"11","50","360","68"
"11","50","361","63"
"12","50","55","33"
"2","10","64","0"
"12","50","56","35"
"11","50","362","60"
"12","50","57","32"
"11","50","363","61"
"12","50","58","30"
"11","50","364","55"
"12","50","59","31"
"12","50","60","31"
"11","50","365","55"
"12","50","61","31"
"11","50","366","57"
"12","50","62","29"
"11","50","367","53"
"12","50","63","27"
"12","50","64","29"
"11","50","368","51"
"12","50","65","29"
"11","50","369","51"
"12","50","66","29"
"12","50","67","28"
"11","50","370","50"
"12","50","68","26"
"11","50","371","50"
"11","50","372","51"
"12","50","69","23"
"12","50","70","25"
"11","50","373","50"
"12","50","71","24"
"11","50","374","45"
"12","50","72","23"
"11","50","375","42"
"12","50","73","24"
"11","50","376","41"
"12","50","74","23"
"12","50","75","25"
"11","50","377","43"
"12","50","76","25"
"11","50","378","47"
"12","50","77","24"
"11","50","379","46"
"12","50","78","28"
"12","50","79","29"
"11","50","380","45"
"12","50","80","28"
"11","50","381","45"
"12","50","81","31"
"11","50","382","48"
"12","50","82","31"
"11","50","383","49"
"12","50","83","33"
"11","50","384","48"
"12","50","84","32"
"11","50","385","51"
"12","50","85","34"
"11","50","386","50"
"12","50","86","34"
"12","50","87","34"
"11","50","387","48"
"12","50","88","33"
"11","50","388","48"
"12","50","89","31"
"11","50","389","50"
"12","50","90","32"
"11","50","390","52"
"12","50","91","31"
"11","50","391","49"
"12","50","92","31"
"12","50","93","32"
"11","50","392","51"
"11","50","393","48"
"12","50","94","36"
"11","50","394","50"
"12","50","95","38"
"11","50","395","53"
"12","50","96","40"
"2","10","65","0"
"11","50","396","57"
"12","50","97","39"
"12","50","98","41"
"11","50","397","60"
"11","50","398","56"
"12","50","99","39"
"11","50","399","55"
"12","50","100","40"
"12","50","101","41"
"11","50","400","55"
"12","50","102","39"
"11","50","401","54"
"12","50","103","43"
"11","50","402","53"
"12","50","104","47"
"11","50","403","55"
"12","50","105","51"
"11","50","404","56"
"12","50","106","49"
"11","50","405","58"
"11","50","406","57"
"12","50","107","48"
"11","50","407","57"
"12","50","108","50"
"11","50","408","58"
"12","50","109","54"
"11","50","409","55"
"12","50","110","57"
"11","50","410","54"
"12","50","111","55"
"11","50","411","55"
"12","50","112","61"
"11","50","412","54"
"12","50","113","64"
"11","50","413","55"
"11","50","414","54"
"12","50","114","68"
"11","50","415","53"
"12","50","115","69"
"12","50","116","65"
"11","50","416","54"
"11","50","417","48"
"12","50","117","67"
"11","50","418","49"
"12","50","118","72"
"11","50","419","48"
"12","50","119","71"
"11","50","420","48"
"12","50","120","71"
"11","50","421","46"
"12","50","121","75"
"11","50","422","43"
"12","50","122","79"
"11","50","423","43"
"12","50","123","83"
"11","50","424","40"
"12","50","124","83"
"11","50","425","38"
"12","50","125","80"
"11","50","426","36"
"12","50","126","80"
"11","50","427","34"
"12","50","127","84"
"11","50","428","36"
"12","50","128","83"
"11","50","429","34"
"11","50","430","36"
"12","50","129","83"
"11","50","431","36"
"12","50","130","84"
"11","50","432","34"
"12","50","131","87"
"11","50","433","34"
"12","50","132","88"
"11","50","434","32"
"12","50","133","87"
"11","50","435","32"
"12","50","134","87"
"11","50","436","33"
"12","50","135","84"
"11","50","437","32"
"12","50","136","82"
"11","50","438","34"
"12","50","137","82"
"11","50","439","36"
"12","50","138","84"
"11","50","440","36"
"12","50","139","85"
"11","50","441","35"
"2","10","66","0"
"11","50","442","35"
"12","50","140","87"
"11","50","443","32"
"12","50","141","83"
"11","50","444","33"
"12","50","142","84"
"12","50","143","83"
"11","50","445","32"
"11","50","446","33"
"12","50","144","80"
"11","50","447","37"
"12","50","145","79"
"11","50","448","37"
"12","50","146","81"
"11","50","449","35"
"12","50","147","83"
"11","50","450","37"
"12","50","148","84"
"11","50","451","36"
"12","50","149","83"
"11","50","452","35"
"11","50","453","35"
"12","50","150","81"
"11","50","454","38"
"12","50","151","81"
"11","50","455","44"
"12","50","152","81"
"11","50","456","43"
"12","50","153","79"
"11","50","457","40"
"11","50","458","41"
"12","50","154","76"
"11","50","459","39"
"12","50","155","74"
"11","50","460","43"
"12","50","156","75"
"11","50","461","48"
"12","50","157","75"
"11","50","462","50"
"12","50","158","72"
"11","50","463","55"
"12","50","159","69"
"12","50","160","63"
"11","50","464","58"
"11","50","465","62"
"12","50","161","64"
"12","50","162","62"
"11","50","466","62"
"12","50","163","58"
"11","50","467","67"
"12","50","164","57"
"11","50","468","67"
"12","50","165","53"
"11","50","469","69"
"12","50","166","53"
"11","50","470","73"
"12","50","167","48"
"11","50","471","75"
"12","50","168","45"
"11","50","472","74"
"12","50","169","45"
"11","50","473","73"
"11","50","474","74"
"12","50","170","43"
"11","50","475","73"
"12","50","171","44"
"11","50","476","74"
"12","50","172","39"
"11","50","477","79"
"12","50","173","35"
"11","50","478","79"
"12","50","174","31"
"12","50","175","31"
"11","50","479","82"
"12","50","176","33"
"11","50","480","85"
"12","50","177","30"
"11","50","481","80"
"12","50","178","30"
"11","50","482","81"
"11","50","483","81"
"12","50","179","27"
"11","50","484","80"
"2","10","67","0"
"12","50","180","27"
"11","50","485","78"
"12","50","181","26"
"11","50","486","80"
"11","50","487","77"
"11","50","488","73"
"11","50","489","75"
"12","50","182","23"
"11","50","490","75"
"12","50","183","23"
"12","50","184","23"
"11","50","491","68"
"11","50","492","72"
"12","50","185","23"
"12","50","186","23"
"11","50","493","73"
"11","50","494","73"
"12","50","187","20"
"11","50","495","74"
"12","50","188","19"
"11","50","496","73"
"12","50","189","19"
"11","50","497","74"
"12","50","190","23"
"11","50","498","71"
"12","50","191","22"
"11","50","499","71"
"12","50","192","21"
"11","50","500","68"
"12","50","193","23"
"13","50","0","10"
"12","50","194","23"
"13","50","1","10"
"13","50","2","10"
"12","50","195","24"
"13","50","3","10"
"13","50","4","11"
"12","50","196","25"
"13","50","5","12"
"13","50","6","12"
"12","50","197","23"
"13","50","7","12"
"13","50","8","13"
"12","50","198","23"
"13","50","9","13"
"12","50","199","27"
"13","50","10","13"
"13","50","11","15"
"12","50","200","28"
"13","50","12","16"
"13","50","13","18"
"13","50","14","18"
"13","50","15","18"
"12","50","201","27"
"13","50","16","18"
"13","50","17","21"
"12","50","202","32"
"13","50","18","21"
"13","50","19","21"
"12","50","203","33"
"13","50","20","22"
"13","50","21","13"
"12","50","204","31"
"13","50","22","13"
"12","50","205","30"
"13","50","23","13"
"12","50","206","30"
"13","50","24","14"
"13","50","25","13"
"12","50","207","32"
"13","50","26","13"
"12","50","208","36"
"13","50","27","15"
"2","10","68","0"
"13","50","28","15"
"12","50","209","38"
"13","50","29","15"
"13","50","30","15"
"12","50","210","39"
"13","50","31","16"
"12","50","211","37"
"13","50","32","14"
"13","50","33","13"
"12","50","212","38"
"13","50","34","12"
"12","50","213","43"
"13","50","35","13"
"13","50","36","14"
"12","50","214","45"
"13","50","37","13"
"12","50","215","45"
"13","50","38","12"
"13","50","39","13"
"12","50","216","48"
"13","50","40","14"
"13","50","41","13"
"13","50","42","14"
"13","50","43","14"
"12","50","217","46"
"13","50","44","13"
"12","50","218","49"
"13","50","45","14"
"13","50","46","16"
"12","50","219","48"
"13","50","47","16"
"13","50","48","15"
"12","50","220","48"
"13","50","49","14"
"12","50","221","50"
"13","50","50","14"
"13","50","51","15"
"12","50","222","50"
"13","50","52","16"
"12","50","223","49"
"13","50","53","17"
"13","50","54","16"
"12","50","224","51"
"13","50","55","16"
"12","50","225","52"
"13","50","56","15"
"12","50","226","56"
"13","50","57","15"
"13","50","58","16"
"12","50","227","59"
"13","50","59","17"
"12","50","228","61"
"13","50","60","15"
"12","50","229","62"
"13","50","61","14"
"13","50","62","16"
"12","50","230","60"
"13","50","63","19"
"12","50","231","64"
"13","50","64","20"
"12","50","232","71"
"13","50","65","23"
"12","50","233","71"
"13","50","66","25"
"13","50","67","24"
"12","50","234","68"
"13","50","68","23"
"12","50","235","69"
"13","50","69","25"
"12","50","236","69"
"13","50","70","28"
"12","50","237","68"
"13","50","71","35"
"12","50","238","66"
"13","50","72","34"
"12","50","239","70"
"13","50","73","38"
"13","50","74","37"
"12","50","240","70"
"13","50","75","45"
"12","50","241","75"
"13","50","76","48"
"12","50","242","77"
"13","50","77","52"
"12","50","243","83"
"13","50","78","55"
"12","50","244","81"
"13","50","79","58"
"12","50","245","86"
"13","50","80","64"
"12","50","246","85"
"13","50","81","65"
"12","50","247","82"
"13","50","82","67"
"12","50","248","80"
"12","50","249","83"
"13","50","83","70"
"13","50","84","70"
"12","50","250","81"
"13","50","85","71"
"12","50","251","81"
"2","10","69","0"
"13","50","86","70"
"12","50","252","74"
"13","50","87","75"
"12","50","253","77"
"13","50","88","78"
"12","50","254","76"
"13","50","89","80"
"12","50","255","77"
"13","50","90","79"
"12","50","256","82"
"13","50","91","80"
"12","50","257","83"
"13","50","92","81"
"12","50","258","84"
"13","50","93","83"
"13","50","94","82"
"12","50","259","84"
"13","50","95","83"
"12","50","260","84"
"13","50","96","79"
"12","50","261","81"
"13","50","97","80"
"12","50","262","78"
"13","50","98","82"
"12","50","263","78"
"13","50","99","87"
"12","50","264","75"
"13","50","100","83"
"12","50","265","72"
"13","50","101","84"
"12","50","266","69"
"13","50","102","88"
"12","50","267","73"
"13","50","103","84"
"12","50","268","72"
"13","50","104","82"
"12","50","269","72"
"13","50","105","85"
"12","50","270","67"
"13","50","106","87"
"12","50","271","64"
"13","50","107","87"
"12","50","272","68"
"12","50","273","67"
"13","50","108","83"
"13","50","109","81"
"12","50","274","64"
"13","50","110","82"
"12","50","275","66"
"13","50","111","88"
"12","50","276","65"
"13","50","112","83"
"13","50","113","82"
"12","50","277","58"
"13","50","114","81"
"12","50","278","56"
"12","50","279","57"
"13","50","115","83"
"13","50","116","82"
"12","50","280","54"
"13","50","117","83"
"12","50","281","53"
"13","50","118","82"
"12","50","282","56"
"13","50","119","73"
"12","50","283","52"
"13","50","120","71"
"12","50","284","53"
"13","50","121","70"
"12","50","285","52"
"13","50","122","68"
"13","50","123","68"
"12","50","286","53"
"12","50","287","52"
"13","50","124","68"
"12","50","288","52"
"13","50","125","65"
"13","50","126","61"
"12","50","289","50"
"13","50","127","63"
"12","50","290","46"
"12","50","291","47"
"13","50","128","63"
"12","50","292","46"
"13","50","129","68"
"12","50","293","46"
"13","50","130","66"
"13","50","131","62"
"12","50","294","46"
"13","50","132","61"
"2","10","70","0"
"12","50","295","43"
"13","50","133","60"
"12","50","296","40"
"13","50","134","62"
"12","50","297","39"
"13","50","135","59"
"12","50","298","40"
"13","50","136","57"
"12","50","299","42"
"13","50","137","53"
"12","50","300","38"
"13","50","138","51"
"13","50","139","50"
"12","50","301","38"
"13","50","140","49"
"13","50","141","48"
"13","50","142","48"
"13","50","143","47"
"13","50","144","44"
"13","50","145","45"
"13","50","146","43"
"13","50","147","42"
"13","50","148","40"
"12","50","302","37"
"13","50","149","38"
"12","50","303","38"
"13","50","150","34"
"12","50","304","39"
"13","50","151","33"
"12","50","305","37"
"13","50","152","30"
"12","50","306","39"
"12","50","307","40"
"13","50","153","30"
"12","50","308","40"
"13","50","154","28"
"12","50","309","42"
"13","50","155","26"
"12","50","310","44"
"13","50","156","23"
"12","50","311","46"
"13","50","157","23"
"12","50","312","47"
"13","50","158","22"
"12","50","313","47"
"13","50","159","21"
"12","50","314","44"
"13","50","160","20"
"12","50","315","43"
"13","50","161","17"
"13","50","162","14"
"12","50","316","44"
"13","50","163","14"
"12","50","317","48"
"2","10","71","0"
"13","50","164","13"
"12","50","318","51"
"13","50","165","12"
"12","50","319","51"
"13","50","166","13"
"12","50","320","51"
"13","50","167","12"
"12","50","321","53"
"13","50","168","10"
"12","50","322","49"
"13","50","169","8"
"12","50","323","52"
"13","50","170","9"
"12","50","324","53"
"13","50","171","9"
"13","50","172","8"
"12","50","325","59"
"13","50","173","8"
"12","50","326","54"
"12","50","327","53"
"13","50","174","9"
"12","50","328","48"
"13","50","175","10"
"12","50","329","49"
"12","50","330","49"
"13","50","176","9"
"13","50","177","9"
"12","50","331","47"
"13","50","178","8"
"12","50","332","46"
"13","50","179","9"
"12","50","333","48"
"13","50","180","9"
"12","50","334","51"
"13","50","181","10"
"12","50","335","52"
"13","50","182","10"
"12","50","336","58"
"13","50","183","11"
"13","50","184","10"
"12","50","337","59"
"12","50","338","60"
"13","50","185","13"
"13","50","186","14"
"12","50","339","56"
"13","50","187","13"
"12","50","340","56"
"13","50","188","13"
"12","50","341","60"
"12","50","342","57"
"13","50","189","14"
"13","50","190","16"
"12","50","343","56"
"13","50","191","17"
"12","50","344","58"
"13","50","192","17"
"12","50","345","56"
"13","50","193","22"
"12","50","346","54"
"13","50","194","23"
"12","50","347","58"
"12","50","348","61"
"13","50","195","21"
"13","50","196","21"
"12","50","349","60"
"13","50","197","23"
"12","50","350","62"
"13","50","198","26"
"12","50","351","64"
"13","50","199","27"
"12","50","352","63"
"13","50","200","27"
"12","50","353","63"
"13","50","201","31"
"12","50","354","64"
"2","10","72","0"
"13","50","202","34"
"12","50","355","64"
"13","50","203","35"
"12","50","356","62"
"13","50","204","37"
"12","50","357","62"
"13","50","205","36"
"12","50","358","61"
"13","50","206","36"
"12","50","359","63"
"13","50","207","39"
"12","50","360","65"
"13","50","208","43"
"12","50","361","68"
"13","50","209","48"
"12","50","362","65"
"13","50","210","49"
"12","50","363","65"
"13","50","211","50"
"12","50","364","63"
"13","50","212","52"
"12","50","365","65"
"13","50","213","54"
"12","50","366","65"
"13","50","214","55"
"12","50","367","72"
"13","50","215","64"
"12","50","368","71"
"12","50","369","74"
"13","50","216","71"
"13","50","217","72"
"12","50","370","74"
"13","50","218","73"
"12","50","371","74"
"13","50","219","76"
"12","50","372","78"
"13","50","220","77"
"12","50","373","82"
"13","50","221","78"
"12","50","374","80"
"13","50","222","81"
"12","50","375","81"
"13","50","223","83"
"12","50","376","85"
"13","50","224","85"
"12","50","377","84"
"12","50","378","83"
"12","50","379","80"
"12","50","380","78"
"12","50","381","77"
"12","50","382","78"
"12","50","383","78"
"12","50","384","85"
"13","50","225","89"
"12","50","385","83"
"13","50","226","93"
"12","50","386","80"
"13","50","227","99"
"12","50","387","77"
"13","50","228","102"
"12","50","388","76"
"13","50","229","99"
"12","50","389","73"
"12","50","390","74"
"12","50","391","71"
"12","50","392","70"
"13","50","230","101"
"12","50","393","69"
"13","50","231","100"
"12","50","394","66"
"13","50","232","100"
"12","50","395","67"
"13","50","233","108"
"12","50","396","61"
"13","50","234","113"
"12","50","397","63"
"13","50","235","109"
"12","50","398","61"
"13","50","236","108"
"12","50","399","69"
"13","50","237","107"
"12","50","400","71"
"13","50","238","112"
"12","50","401","69"
"13","50","239","110"
"12","50","402","65"
"13","50","240","111"
"12","50","403","63"
"13","50","241","109"
"12","50","404","57"
"13","50","242","108"
"12","50","405","54"
"13","50","243","108"
"2","10","73","0"
"12","50","406","53"
"13","50","244","108"
"13","50","245","105"
"12","50","407","57"
"13","50","246","102"
"12","50","408","55"
"13","50","247","102"
"12","50","409","56"
"13","50","248","99"
"12","50","410","56"
"13","50","249","97"
"12","50","411","58"
"13","50","250","98"
"12","50","412","60"
"13","50","251","100"
"12","50","413","56"
"13","50","252","103"
"12","50","414","57"
"13","50","253","95"
"12","50","415","58"
"13","50","254","83"
"12","50","416","55"
"13","50","255","81"
"12","50","417","53"
"13","50","256","84"
"12","50","418","54"
"13","50","257","81"
"12","50","419","49"
"13","50","258","77"
"12","50","420","48"
"13","50","259","74"
"12","50","421","47"
"13","50","260","72"
"12","50","422","52"
"13","50","261","74"
"12","50","423","54"
"13","50","262","69"
"12","50","424","57"
"13","50","263","68"
"12","50","425","61"
"13","50","264","64"
"12","50","426","61"
"13","50","265","61"
"12","50","427","63"
"13","50","266","58"
"12","50","428","60"
"13","50","267","56"
"12","50","429","55"
"13","50","268","50"
"12","50","430","56"
"13","50","269","49"
"12","50","431","53"
"13","50","270","44"
"12","50","432","52"
"13","50","271","44"
"12","50","433","55"
"13","50","272","36"
"12","50","434","55"
"13","50","273","35"
"12","50","435","57"
"12","50","436","57"
"13","50","274","37"
"13","50","275","38"
"12","50","437","59"
"2","10","74","0"
"13","50","276","35"
"12","50","438","60"
"13","50","277","29"
"12","50","439","59"
"13","50","278","27"
"12","50","440","57"
"13","50","279","27"
"12","50","441","54"
"13","50","280","26"
"12","50","442","56"
"13","50","281","24"
"12","50","443","57"
"13","50","282","25"
"13","50","283","24"
"12","50","444","56"
"13","50","284","23"
"13","50","285","24"
"12","50","445","50"
"13","50","286","24"
"12","50","446","51"
"13","50","287","26"
"12","50","447","50"
"13","50","288","25"
"12","50","448","48"
"12","50","449","48"
"13","50","289","25"
"12","50","450","47"
"13","50","290","24"
"13","50","291","24"
"12","50","451","45"
"12","50","452","48"
"13","50","292","24"
"13","50","293","23"
"12","50","453","46"
"13","50","294","22"
"12","50","454","43"
"13","50","295","19"
"12","50","455","40"
"13","50","296","18"
"12","50","456","36"
"13","50","297","17"
"12","50","457","36"
"13","50","298","18"
"12","50","458","36"
"13","50","299","18"
"12","50","459","37"
"13","50","300","18"
"12","50","460","39"
"13","50","301","19"
"12","50","461","38"
"13","50","302","16"
"12","50","462","36"
"13","50","303","15"
"12","50","463","34"
"13","50","304","16"
"12","50","464","34"
"13","50","305","17"
"12","50","465","34"
"13","50","306","18"
"12","50","466","35"
"13","50","307","16"
"12","50","467","36"
"13","50","308","16"
"12","50","468","37"
"13","50","309","15"
"12","50","469","41"
"13","50","310","16"
"12","50","470","40"
"13","50","311","16"
"12","50","471","41"
"13","50","312","17"
"12","50","472","43"
"13","50","313","17"
"12","50","473","41"
"13","50","314","19"
"12","50","474","42"
"13","50","315","20"
"12","50","475","42"
"13","50","316","20"
"12","50","476","42"
"13","50","317","20"
"12","50","477","50"
"13","50","318","23"
"13","50","319","23"
"12","50","478","50"
"13","50","320","27"
"12","50","479","51"
"13","50","321","28"
"12","50","480","51"
"13","50","322","32"
"12","50","481","56"
"12","50","482","57"
"13","50","323","33"
"13","50","324","33"
"12","50","483","60"
"2","10","75","0"
"12","50","484","61"
"13","50","325","36"
"13","50","326","35"
"12","50","485","63"
"13","50","327","38"
"12","50","486","63"
"12","50","487","62"
"13","50","328","41"
"12","50","488","63"
"13","50","329","47"
"12","50","489","63"
"13","50","330","47"
"12","50","490","65"
"13","50","331","49"
"12","50","491","66"
"13","50","332","51"
"12","50","492","69"
"13","50","333","54"
"12","50","493","70"
"13","50","334","57"
"12","50","494","70"
"13","50","335","57"
"13","50","336","62"
"12","50","495","73"
"12","50","496","72"
"13","50","337","65"
"12","50","497","73"
"13","50","338","69"
"12","50","498","70"
"13","50","339","68"
"13","50","340","72"
"12","50","499","67"
"13","50","341","71"
"12","50","500","66"
"13","50","342","73"
"14","50","0","10"
"14","50","1","10"
"13","50","343","70"
"14","50","2","10"
"14","50","3","10"
"13","50","344","71"
"14","50","4","10"
"14","50","5","11"
"13","50","345","73"
"14","50","6","11"
"14","50","7","11"
"13","50","346","78"
"14","50","8","11"
"14","50","9","12"
"13","50","347","80"
"14","50","10","12"
"14","50","11","16"
"13","50","348","80"
"14","50","12","16"
"13","50","349","76"
"14","50","13","17"
"14","50","14","17"
"13","50","350","76"
"14","50","15","17"
"14","50","16","19"
"13","50","351","86"
"14","50","17","20"
"14","50","18","20"
"13","50","352","85"
"14","50","19","21"
"14","50","20","23"
"13","50","353","83"
"14","50","21","13"
"13","50","354","84"
"14","50","22","13"
"14","50","23","13"
"13","50","355","86"
"14","50","24","14"
"13","50","356","87"
"14","50","25","15"
"14","50","26","16"
"13","50","357","85"
"14","50","27","17"
"13","50","358","83"
"14","50","28","19"
"14","50","29","18"
"13","50","359","87"
"14","50","30","18"
"14","50","31","19"
"13","50","360","87"
"14","50","32","18"
"14","50","33","18"
"13","50","361","92"
"14","50","34","19"
"13","50","362","91"
"14","50","35","19"
"14","50","36","18"
"13","50","363","88"
"14","50","37","18"
"13","50","364","89"
"14","50","38","18"
"14","50","39","18"
"13","50","365","88"
"14","50","40","15"
"14","50","41","16"
"13","50","366","80"
"14","50","42","17"
"13","50","367","81"
"14","50","43","18"
"14","50","44","22"
"13","50","368","78"
"14","50","45","21"
"13","50","369","76"
"14","50","46","21"
"14","50","47","18"
"13","50","370","75"
"14","50","48","20"
"13","50","371","76"
"14","50","49","18"
"14","50","50","18"
"13","50","372","69"
"14","50","51","17"
"13","50","373","64"
"14","50","52","16"
"14","50","53","20"
"13","50","374","63"
"14","50","54","20"
"13","50","375","60"
"14","50","55","20"
"2","10","76","0"
"13","50","376","58"
"14","50","56","20"
"14","50","57","19"
"13","50","377","59"
"14","50","58","21"
"13","50","378","58"
"14","50","59","22"
"13","50","379","52"
"14","50","60","25"
"14","50","61","25"
"13","50","380","47"
"14","50","62","26"
"13","50","381","39"
"14","50","63","28"
"14","50","64","26"
"13","50","382","36"
"14","50","65","24"
"13","50","383","35"
"14","50","66","23"
"13","50","384","32"
"14","50","67","27"
"13","50","385","31"
"14","50","68","27"
"13","50","386","30"
"14","50","69","28"
"14","50","70","30"
"13","50","387","30"
"14","50","71","32"
"13","50","388","27"
"14","50","72","33"
"13","50","389","25"
"14","50","73","34"
"13","50","390","25"
"13","50","391","25"
"14","50","74","32"
"13","50","392","22"
"14","50","75","34"
"14","50","76","36"
"13","50","393","23"
"14","50","77","41"
"13","50","394","22"
"14","50","78","44"
"13","50","395","22"
"14","50","79","42"
"14","50","80","41"
"13","50","396","22"
"14","50","81","46"
"13","50","397","20"
"14","50","82","45"
"13","50","398","19"
"14","50","83","48"
"13","50","399","20"
"14","50","84","49"
"13","50","400","19"
"14","50","85","51"
"13","50","401","19"
"14","50","86","52"
"13","50","402","19"
"14","50","87","51"
"13","50","403","19"
"14","50","88","51"
"13","50","404","18"
"14","50","89","49"
"13","50","405","20"
"14","50","90","51"
"13","50","406","21"
"14","50","91","54"
"13","50","407","21"
"14","50","92","55"
"13","50","408","22"
"14","50","93","57"
"13","50","409","23"
"14","50","94","55"
"13","50","410","24"
"14","50","95","57"
"13","50","411","22"
"2","10","77","0"
"13","50","412","21"
"14","50","96","58"
"14","50","97","55"
"13","50","413","22"
"14","50","98","54"
"14","50","99","58"
"14","50","100","62"
"14","50","101","62"
"14","50","102","62"
"13","50","414","20"
"14","50","103","66"
"13","50","415","24"
"14","50","104","66"
"13","50","416","25"
"14","50","105","67"
"13","50","417","26"
"14","50","106","72"
"13","50","418","24"
"14","50","107","71"
"13","50","419","25"
"14","50","108","71"
"14","50","109","75"
"14","50","110","74"
"14","50","111","76"
"13","50","420","24"
"14","50","112","77"
"13","50","421","22"
"14","50","113","76"
"13","50","422","22"
"14","50","114","78"
"14","50","115","78"
"13","50","423","23"
"14","50","116","76"
"13","50","424","24"
"14","50","117","78"
"13","50","425","24"
"14","50","118","79"
"14","50","119","75"
"13","50","426","25"
"14","50","120","72"
"13","50","427","26"
"14","50","121","69"
"13","50","428","27"
"14","50","122","71"
"13","50","429","28"
"14","50","123","73"
"13","50","430","30"
"14","50","124","67"
"13","50","431","33"
"14","50","125","66"
"13","50","432","33"
"14","50","126","66"
"13","50","433","39"
"14","50","127","62"
"13","50","434","40"
"14","50","128","64"
"13","50","435","43"
"14","50","129","63"
"13","50","436","40"
"14","50","130","63"
"13","50","437","41"
"14","50","131","63"
"13","50","438","45"
"14","50","132","62"
"14","50","133","59"
"13","50","439","47"
"14","50","134","55"
"13","50","440","48"
"14","50","135","57"
"13","50","441","54"
"14","50","136","60"
"13","50","442","55"
"14","50","137","60"
"13","50","443","57"
"14","50","138","59"
"2","10","78","0"
"14","50","139","61"
"14","50","140","61"
"14","50","141","65"
"14","50","142","61"
"14","50","143","60"
"14","50","144","57"
"13","50","444","61"
"14","50","145","58"
"13","50","445","64"
"14","50","146","55"
"13","50","446","64"
"14","50","147","57"
"14","50","148","56"
"13","50","447","68"
"14","50","149","54"
"13","50","448","70"
"14","50","150","53"
"13","50","449","72"
"14","50","151","60"
"14","50","152","59"
"13","50","450","73"
"14","50","153","61"
"13","50","451","74"
"14","50","154","58"
"13","50","452","76"
"14","50","155","60"
"13","50","453","75"
"14","50","156","59"
"13","50","454","77"
"14","50","157","55"
"13","50","455","78"
"14","50","158","55"
"13","50","456","74"
"14","50","159","55"
"13","50","457","81"
"14","50","160","52"
"13","50","458","79"
"14","50","161","50"
"13","50","459","82"
"13","50","460","80"
"14","50","162","52"
"13","50","461","78"
"14","50","163","52"
"13","50","462","77"
"14","50","164","50"
"13","50","463","77"
"14","50","165","49"
"13","50","464","79"
"14","50","166","51"
"13","50","465","80"
"14","50","167","56"
"13","50","466","79"
"14","50","168","57"
"13","50","467","75"
"14","50","169","60"
"13","50","468","77"
"14","50","170","59"
"13","50","469","76"
"14","50","171","54"
"13","50","470","77"
"14","50","172","48"
"13","50","471","75"
"14","50","173","46"
"14","50","174","48"
"14","50","175","48"
"13","50","472","77"
"14","50","176","47"
"13","50","473","74"
"14","50","177","47"
"13","50","474","79"
"14","50","178","49"
"14","50","179","49"
"13","50","475","80"
"14","50","180","49"
"14","50","181","49"
"14","50","182","46"
"14","50","183","50"
"14","50","184","50"
"14","50","185","50"
"14","50","186","54"
"14","50","187","55"
"2","10","79","0"
"13","50","476","78"
"14","50","188","54"
"14","50","189","55"
"14","50","190","53"
"14","50","191","56"
"14","50","192","57"
"14","50","193","61"
"14","50","194","62"
"14","50","195","64"
"14","50","196","62"
"14","50","197","63"
"13","50","477","79"
"13","50","478","76"
"14","50","198","64"
"13","50","479","70"
"14","50","199","68"
"13","50","480","70"
"14","50","200","69"
"14","50","201","71"
"13","50","481","71"
"14","50","202","71"
"13","50","482","72"
"13","50","483","74"
"14","50","203","65"
"14","50","204","62"
"13","50","484","71"
"14","50","205","64"
"13","50","485","68"
"14","50","206","62"
"13","50","486","67"
"14","50","207","62"
"13","50","487","66"
"14","50","208","61"
"13","50","488","62"
"13","50","489","63"
"14","50","209","57"
"13","50","490","61"
"14","50","210","56"
"13","50","491","58"
"14","50","211","53"
"13","50","492","52"
"14","50","212","55"
"13","50","493","53"
"14","50","213","52"
"13","50","494","52"
"14","50","214","51"
"13","50","495","49"
"14","50","215","52"
"13","50","496","47"
"13","50","497","44"
"14","50","216","52"
"13","50","498","45"
"14","50","217","51"
"13","50","499","41"
"2","10","80","0"
"14","50","218","53"
"13","50","500","42"
"14","50","219","46"
"15","50","0","10"
"14","50","220","41"
"15","50","1","12"
"15","50","2","13"
"14","50","221","42"
"15","50","3","13"
"15","50","4","14"
"15","50","5","14"
"14","50","222","43"
"15","50","6","17"
"14","50","223","48"
"15","50","7","17"
"15","50","8","17"
"15","50","9","18"
"14","50","224","50"
"15","50","10","20"
"14","50","225","52"
"15","50","11","25"
"15","50","12","27"
"14","50","226","52"
"15","50","13","29"
"15","50","14","32"
"14","50","227","54"
"15","50","15","32"
"15","50","16","33"
"14","50","228","51"
"15","50","17","34"
"15","50","18","36"
"14","50","229","55"
"15","50","19","39"
"15","50","20","41"
"14","50","230","55"
"15","50","21","32"
"14","50","231","57"
"15","50","22","30"
"15","50","23","31"
"14","50","232","55"
"15","50","24","31"
"15","50","25","31"
"14","50","233","57"
"14","50","234","58"
"15","50","26","29"
"14","50","235","59"
"15","50","27","31"
"15","50","28","33"
"14","50","236","55"
"15","50","29","33"
"15","50","30","31"
"14","50","237","57"
"15","50","31","28"
"15","50","32","26"
"14","50","238","59"
"15","50","33","23"
"14","50","239","60"
"15","50","34","21"
"15","50","35","20"
"14","50","240","62"
"15","50","36","19"
"15","50","37","18"
"14","50","241","62"
"15","50","38","18"
"15","50","39","16"
"14","50","242","61"
"15","50","40","15"
"14","50","243","64"
"15","50","41","14"
"15","50","42","13"
"14","50","244","61"
"15","50","43","12"
"14","50","245","59"
"15","50","44","11"
"15","50","45","11"
"14","50","246","63"
"15","50","46","12"
"15","50","47","10"
"14","50","247","63"
"15","50","48","7"
"15","50","49","7"
"14","50","248","63"
"15","50","50","7"
"15","50","51","7"
"14","50","249","65"
"15","50","52","7"
"14","50","250","69"
"15","50","53","7"
"15","50","54","7"
"14","50","251","67"
"15","50","55","8"
"15","50","56","7"
"14","50","252","69"
"15","50","57","7"
"15","50","58","7"
"14","50","253","68"
"15","50","59","5"
"14","50","254","67"
"15","50","60","5"
"15","50","61","5"
"14","50","255","65"
"15","50","62","5"
"14","50","256","66"
"15","50","63","5"
"14","50","257","68"
"15","50","64","5"
"15","50","65","5"
"14","50","258","68"
"15","50","66","5"
"14","50","259","69"
"15","50","67","4"
"14","50","260","72"
"2","10","81","0"
"15","50","68","4"
"14","50","261","72"
"15","50","69","4"
"15","50","70","5"
"14","50","262","70"
"15","50","71","5"
"14","50","263","69"
"15","50","72","4"
"14","50","264","66"
"15","50","73","4"
"15","50","74","5"
"14","50","265","65"
"15","50","75","5"
"14","50","266","66"
"15","50","76","4"
"14","50","267","64"
"15","50","77","5"
"14","50","268","62"
"15","50","78","5"
"15","50","79","5"
"14","50","269","61"
"15","50","80","4"
"14","50","270","57"
"15","50","81","4"
"14","50","271","54"
"15","50","82","4"
"14","50","272","56"
"15","50","83","5"
"14","50","273","56"
"15","50","84","5"
"15","50","85","4"
"14","50","274","52"
"15","50","86","4"
"14","50","275","55"
"15","50","87","4"
"15","50","88","4"
"14","50","276","55"
"15","50","89","4"
"15","50","90","5"
"14","50","277","51"
"15","50","91","4"
"15","50","92","4"
"14","50","278","49"
"14","50","279","47"
"15","50","93","6"
"14","50","280","49"
"15","50","94","6"
"14","50","281","44"
"15","50","95","5"
"14","50","282","42"
"15","50","96","5"
"14","50","283","44"
"15","50","97","7"
"14","50","284","44"
"15","50","98","6"
"14","50","285","43"
"15","50","99","7"
"14","50","286","43"
"15","50","100","8"
"14","50","287","44"
"15","50","101","8"
"14","50","288","44"
"15","50","102","8"
"14","50","289","42"
"14","50","290","42"
"15","50","103","7"
"15","50","104","8"
"14","50","291","42"
"15","50","105","8"
"14","50","292","39"
"15","50","106","8"
"14","50","293","38"
"15","50","107","9"
"14","50","294","36"
"15","50","108","14"
"14","50","295","35"
"15","50","109","17"
"15","50","110","16"
"14","50","296","37"
"15","50","111","17"
"14","50","297","37"
"15","50","112","19"
"14","50","298","35"
"15","50","113","24"
"14","50","299","35"
"15","50","114","25"
"14","50","300","34"
"15","50","115","31"
"14","50","301","35"
"15","50","116","37"
"14","50","302","36"
"15","50","117","40"
"14","50","303","35"
"15","50","118","39"
"14","50","304","36"
"15","50","119","42"
"14","50","305","35"
"15","50","120","46"
"14","50","306","36"
"15","50","121","50"
"14","50","307","37"
"15","50","122","52"
"14","50","308","32"
"15","50","123","55"
"14","50","309","31"
"15","50","124","58"
"14","50","310","34"
"15","50","125","64"
"14","50","311","34"
"15","50","126","70"
"15","50","127","78"
"14","50","312","35"
"15","50","128","79"
"15","50","129","78"
"14","50","313","35"
"15","50","130","81"
"14","50","314","36"
"15","50","131","85"
"14","50","315","34"
"15","50","132","89"
"14","50","316","36"
"15","50","133","93"
"14","50","317","33"
"15","50","134","95"
"14","50","318","34"
"15","50","135","93"
"14","50","319","32"
"15","50","136","90"
"14","50","320","34"
"14","50","321","34"
"15","50","137","93"
"15","50","138","101"
"14","50","322","32"
"15","50","139","107"
"14","50","323","35"
"15","50","140","109"
"14","50","324","36"
"15","50","141","116"
"14","50","325","36"
"15","50","142","115"
"14","50","326","37"
"15","50","143","120"
"14","50","327","38"
"15","50","144","124"
"14","50","328","38"
"15","50","145","125"
"14","50","329","40"
"15","50","146","125"
"14","50","330","40"
"15","50","147","118"
"14","50","331","40"
"2","10","82","0"
"15","50","148","119"
"14","50","332","42"
"15","50","149","123"
"14","50","333","41"
"15","50","150","121"
"14","50","334","41"
"14","50","335","43"
"15","50","151","121"
"15","50","152","117"
"14","50","336","48"
"15","50","153","112"
"14","50","337","48"
"15","50","154","114"
"15","50","155","113"
"14","50","338","50"
"15","50","156","116"
"14","50","339","52"
"15","50","157","116"
"15","50","158","111"
"14","50","340","53"
"15","50","159","102"
"14","50","341","56"
"15","50","160","100"
"14","50","342","57"
"15","50","161","96"
"14","50","343","59"
"15","50","162","92"
"14","50","344","61"
"15","50","163","85"
"14","50","345","61"
"15","50","164","80"
"14","50","346","63"
"15","50","165","76"
"14","50","347","62"
"15","50","166","70"
"14","50","348","65"
"15","50","167","70"
"14","50","349","73"
"15","50","168","67"
"14","50","350","70"
"15","50","169","64"
"14","50","351","73"
"15","50","170","62"
"14","50","352","77"
"15","50","171","57"
"14","50","353","77"
"15","50","172","56"
"14","50","354","80"
"15","50","173","57"
"14","50","355","81"
"15","50","174","54"
"14","50","356","77"
"15","50","175","51"
"15","50","176","48"
"14","50","357","79"
"15","50","177","44"
"14","50","358","78"
"15","50","178","42"
"14","50","359","78"
"15","50","179","42"
"14","50","360","83"
"14","50","361","82"
"15","50","180","42"
"15","50","181","40"
"14","50","362","80"
"15","50","182","38"
"14","50","363","84"
"15","50","183","35"
"14","50","364","81"
"15","50","184","35"
"14","50","365","83"
"15","50","185","34"
"14","50","366","86"
"15","50","186","31"
"14","50","367","88"
"15","50","187","30"
"14","50","368","86"
"15","50","188","28"
"14","50","369","87"
"15","50","189","29"
"14","50","370","85"
"15","50","190","26"
"14","50","371","82"
"15","50","191","27"
"14","50","372","82"
"15","50","192","26"
"14","50","373","80"
"15","50","193","25"
"14","50","374","79"
"15","50","194","23"
"15","50","195","24"
"14","50","375","78"
"15","50","196","21"
"14","50","376","81"
"15","50","197","21"
"14","50","377","82"
"15","50","198","18"
"14","50","378","79"
"15","50","199","18"
"14","50","379","79"
"2","10","83","0"
"15","50","200","15"
"14","50","380","78"
"14","50","381","79"
"15","50","201","17"
"15","50","202","16"
"14","50","382","82"
"15","50","203","17"
"14","50","383","80"
"15","50","204","16"
"15","50","205","18"
"14","50","384","78"
"15","50","206","18"
"15","50","207","18"
"14","50","385","76"
"14","50","386","73"
"15","50","208","22"
"14","50","387","69"
"15","50","209","20"
"15","50","210","21"
"14","50","388","72"
"15","50","211","22"
"14","50","389","71"
"15","50","212","19"
"14","50","390","69"
"15","50","213","18"
"14","50","391","71"
"15","50","214","16"
"14","50","392","70"
"15","50","215","18"
"14","50","393","69"
"15","50","216","18"
"14","50","394","69"
"15","50","217","20"
"15","50","218","21"
"14","50","395","73"
"15","50","219","20"
"14","50","396","72"
"15","50","220","22"
"14","50","397","65"
"15","50","221","23"
"14","50","398","64"
"15","50","222","25"
"14","50","399","66"
"15","50","223","27"
"14","50","400","64"
"15","50","224","26"
"14","50","401","60"
"15","50","225","26"
"14","50","402","52"
"15","50","226","28"
"14","50","403","51"
"15","50","227","34"
"14","50","404","51"
"15","50","228","33"
"14","50","405","49"
"15","50","229","34"
"14","50","406","49"
"15","50","230","37"
"15","50","231","39"
"14","50","407","46"
"15","50","232","43"
"14","50","408","46"
"15","50","233","45"
"14","50","409","44"
"15","50","234","51"
"14","50","410","43"
"15","50","235","57"
"14","50","411","41"
"15","50","236","65"
"14","50","412","35"
"15","50","237","68"
"14","50","413","34"
"15","50","238","76"
"14","50","414","35"
"15","50","239","80"
"14","50","415","31"
"15","50","240","87"
"14","50","416","28"
"15","50","241","87"
"14","50","417","26"
"15","50","242","88"
"14","50","418","24"
"15","50","243","92"
"14","50","419","23"
"15","50","244","96"
"14","50","420","24"
"15","50","245","98"
"14","50","421","24"
"15","50","246","101"
"14","50","422","24"
"15","50","247","107"
"14","50","423","25"
"15","50","248","111"
"14","50","424","24"
"15","50","249","114"
"14","50","425","25"
"15","50","250","115"
"14","50","426","25"
"15","50","251","115"
"14","50","427","24"
"15","50","252","120"
"14","50","428","25"
"15","50","253","119"
"14","50","429","23"
"14","50","430","20"
"15","50","254","115"
"14","50","431","18"
"15","50","255","119"
"14","50","432","19"
"15","50","256","113"
"14","50","433","22"
"15","50","257","111"
"14","50","434","22"
"14","50","435","23"
"15","50","258","103"
"14","50","436","22"
"14","50","437","22"
"15","50","259","102"
"14","50","438","22"
"15","50","260","99"
"14","50","439","21"
"15","50","261","99"
"15","50","262","104"
"14","50","440","21"
"15","50","263","100"
"14","50","441","22"
"15","50","264","96"
"14","50","442","23"
"15","50","265","101"
"14","50","443","20"
"14","50","444","21"
"15","50","266","98"
"15","50","267","96"
"14","50","445","22"
"14","50","446","23"
"15","50","268","88"
"14","50","447","24"
"15","50","269","79"
"14","50","448","25"
"15","50","270","76"
"14","50","449","24"
"15","50","271","73"
"14","50","450","25"
"2","10","84","0"
"15","50","272","73"
"14","50","451","29"
"15","50","273","70"
"14","50","452","31"
"15","50","274","68"
"14","50","453","31"
"14","50","454","34"
"15","50","275","63"
"14","50","455","36"
"15","50","276","60"
"14","50","456","37"
"14","50","457","43"
"15","50","277","61"
"14","50","458","45"
"15","50","278","62"
"14","50","459","48"
"15","50","279","63"
"14","50","460","54"
"15","50","280","68"
"14","50","461","56"
"15","50","281","63"
"14","50","462","55"
"15","50","282","59"
"14","50","463","54"
"15","50","283","52"
"14","50","464","53"
"15","50","284","51"
"14","50","465","59"
"15","50","285","48"
"14","50","466","59"
"15","50","286","42"
"14","50","467","62"
"15","50","287","43"
"14","50","468","61"
"15","50","288","42"
"14","50","469","65"
"15","50","289","41"
"14","50","470","69"
"15","50","290","41"
"14","50","471","71"
"15","50","291","41"
"14","50","472","71"
"14","50","473","74"
"15","50","292","38"
"14","50","474","71"
"15","50","293","37"
"15","50","294","36"
"14","50","475","75"
"15","50","295","34"
"14","50","476","79"
"15","50","296","36"
"14","50","477","76"
"15","50","297","31"
"14","50","478","79"
"14","50","479","82"
"15","50","298","30"
"15","50","299","31"
"14","50","480","81"
"15","50","300","29"
"14","50","481","81"
"14","50","482","80"
"15","50","301","25"
"14","50","483","84"
"15","50","302","25"
"14","50","484","89"
"15","50","303","26"
"15","50","304","26"
"14","50","485","91"
"15","50","305","26"
"14","50","486","91"
"15","50","306","25"
"14","50","487","91"
"15","50","307","25"
"14","50","488","90"
"15","50","308","26"
"14","50","489","90"
"15","50","309","30"
"15","50","310","29"
"14","50","490","89"
"15","50","311","29"
"15","50","312","30"
"14","50","491","89"
"15","50","313","34"
"15","50","314","35"
"14","50","492","89"
"15","50","315","34"
"14","50","493","88"
"14","50","494","91"
"15","50","316","35"
"14","50","495","89"
"15","50","317","33"
"14","50","496","84"
"15","50","318","35"
"14","50","497","81"
"15","50","319","36"
"14","50","498","80"
"15","50","320","38"
"14","50","499","77"
"15","50","321","38"
"2","10","85","0"
"15","50","322","38"
"14","50","500","76"
"15","50","323","37"
"16","50","0","10"
"15","50","324","39"
"16","50","1","10"
"16","50","2","11"
"15","50","325","39"
"16","50","3","11"
"16","50","4","12"
"15","50","326","39"
"16","50","5","13"
"16","50","6","13"
"15","50","327","41"
"16","50","7","15"
"16","50","8","15"
"16","50","9","16"
"15","50","328","39"
"16","50","10","17"
"16","50","11","17"
"15","50","329","37"
"16","50","12","19"
"16","50","13","19"
"15","50","330","38"
"16","50","14","19"
"16","50","15","19"
"15","50","331","40"
"16","50","16","19"
"16","50","17","21"
"16","50","18","22"
"15","50","332","40"
"16","50","19","25"
"15","50","333","37"
"16","50","20","25"
"16","50","21","19"
"15","50","334","36"
"16","50","22","19"
"15","50","335","39"
"16","50","23","19"
"16","50","24","18"
"16","50","25","19"
"15","50","336","42"
"16","50","26","21"
"15","50","337","42"
"16","50","27","21"
"15","50","338","46"
"16","50","28","23"
"15","50","339","43"
"16","50","29","24"
"15","50","340","40"
"16","50","30","24"
"15","50","341","40"
"16","50","31","23"
"15","50","342","41"
"16","50","32","23"
"15","50","343","41"
"16","50","33","23"
"15","50","344","41"
"16","50","34","25"
"15","50","345","46"
"16","50","35","28"
"15","50","346","45"
"16","50","36","29"
"15","50","347","45"
"16","50","37","30"
"15","50","348","47"
"16","50","38","29"
"16","50","39","30"
"15","50","349","52"
"16","50","40","29"
"15","50","350","48"
"16","50","41","30"
"15","50","351","53"
"16","50","42","31"
"16","50","43","33"
"15","50","352","51"
"16","50","44","34"
"15","50","353","56"
"16","50","45","33"
"15","50","354","57"
"16","50","46","35"
"15","50","355","58"
"16","50","47","34"
"16","50","48","36"
"15","50","356","58"
"16","50","49","36"
"15","50","357","65"
"16","50","50","37"
"16","50","51","38"
"15","50","358","64"
"16","50","52","37"
"15","50","359","68"
"16","50","53","40"
"16","50","54","40"
"15","50","360","71"
"15","50","361","70"
"16","50","55","40"
"15","50","362","69"
"16","50","56","40"
"15","50","363","70"
"16","50","57","39"
"16","50","58","41"
"15","50","364","68"
"16","50","59","41"
"15","50","365","67"
"16","50","60","39"
"16","50","61","38"
"15","50","366","62"
"16","50","62","39"
"2","10","86","0"
"16","50","63","36"
"15","50","367","64"
"16","50","64","35"
"15","50","368","66"
"16","50","65","34"
"15","50","369","62"
"16","50","66","36"
"16","50","67","35"
"15","50","370","62"
"16","50","68","36"
"15","50","371","60"
"16","50","69","34"
"15","50","372","63"
"16","50","70","35"
"16","50","71","36"
"15","50","373","61"
"16","50","72","36"
"15","50","374","59"
"16","50","73","38"
"15","50","375","65"
"16","50","74","37"
"15","50","376","63"
"16","50","75","36"
"15","50","377","66"
"16","50","76","36"
"15","50","378","63"
"16","50","77","37"
"16","50","78","38"
"15","50","379","61"
"16","50","79","40"
"15","50","380","58"
"16","50","80","38"
"15","50","381","58"
"16","50","81","38"
"15","50","382","60"
"16","50","82","40"
"16","50","83","36"
"15","50","383","58"
"16","50","84","39"
"15","50","384","60"
"16","50","85","40"
"15","50","385","64"
"16","50","86","38"
"15","50","386","68"
"16","50","87","40"
"15","50","387","71"
"16","50","88","40"
"15","50","388","66"
"16","50","89","40"
"15","50","389","65"
"16","50","90","43"
"15","50","390","69"
"16","50","91","41"
"15","50","391","71"
"16","50","92","42"
"16","50","93","42"
"15","50","392","69"
"15","50","393","71"
"16","50","94","41"
"15","50","394","74"
"16","50","95","39"
"15","50","395","77"
"16","50","96","39"
"15","50","396","78"
"15","50","397","73"
"16","50","97","40"
"15","50","398","72"
"16","50","98","42"
"16","50","99","46"
"15","50","399","70"
"15","50","400","70"
"16","50","100","47"
"15","50","401","71"
"16","50","101","46"
"15","50","402","70"
"16","50","102","50"
"15","50","403","72"
"16","50","103","48"
"15","50","404","71"
"16","50","104","51"
"15","50","405","71"
"16","50","105","49"
"15","50","406","72"
"16","50","106","55"
"15","50","407","70"
"16","50","107","57"
"15","50","408","69"
"16","50","108","57"
"15","50","409","70"
"16","50","109","61"
"15","50","410","66"
"15","50","411","62"
"16","50","110","63"
"15","50","412","64"
"16","50","111","62"
"15","50","413","63"
"16","50","112","61"
"16","50","113","65"
"15","50","414","58"
"16","50","114","67"
"15","50","415","54"
"16","50","115","67"
"15","50","416","52"
"16","50","116","66"
"15","50","417","46"
"16","50","117","67"
"15","50","418","43"
"16","50","118","62"
"15","50","419","42"
"16","50","119","60"
"15","50","420","41"
"16","50","120","60"
"15","50","421","41"
"16","50","121","61"
"15","50","422","40"
"16","50","122","60"
"2","10","87","0"
"15","50","423","40"
"16","50","123","58"
"15","50","424","39"
"16","50","124","59"
"15","50","425","39"
"16","50","125","65"
"15","50","426","39"
"16","50","126","66"
"15","50","427","36"
"16","50","127","66"
"15","50","428","36"
"16","50","128","66"
"15","50","429","35"
"16","50","129","65"
"15","50","430","34"
"16","50","130","64"
"15","50","431","34"
"16","50","131","62"
"15","50","432","35"
"15","50","433","36"
"16","50","132","62"
"15","50","434","37"
"16","50","133","65"
"15","50","435","39"
"16","50","134","62"
"15","50","436","37"
"16","50","135","70"
"15","50","437","37"
"16","50","136","73"
"15","50","438","39"
"16","50","137","75"
"15","50","439","38"
"16","50","138","76"
"15","50","440","37"
"16","50","139","79"
"15","50","441","35"
"16","50","140","79"
"15","50","442","33"
"16","50","141","80"
"16","50","142","82"
"15","50","443","34"
"16","50","143","85"
"15","50","444","35"
"16","50","144","89"
"15","50","445","36"
"16","50","145","87"
"15","50","446","36"
"16","50","146","80"
"15","50","447","34"
"16","50","147","74"
"15","50","448","37"
"16","50","148","72"
"15","50","449","36"
"16","50","149","73"
"16","50","150","69"
"15","50","450","34"
"16","50","151","70"
"15","50","451","39"
"15","50","452","39"
"16","50","152","74"
"15","50","453","37"
"16","50","153","73"
"15","50","454","40"
"15","50","455","40"
"16","50","154","72"
"15","50","456","43"
"15","50","457","44"
"16","50","155","68"
"15","50","458","46"
"16","50","156","63"
"16","50","157","59"
"15","50","459","48"
"16","50","158","57"
"15","50","460","49"
"16","50","159","55"
"15","50","461","50"
"16","50","160","57"
"15","50","462","51"
"16","50","161","56"
"15","50","463","49"
"16","50","162","54"
"15","50","464","52"
"16","50","163","53"
"15","50","465","52"
"16","50","164","49"
"16","50","165","47"
"15","50","466","54"
"16","50","166","46"
"15","50","467","57"
"15","50","468","56"
"16","50","167","48"
"15","50","469","57"
"16","50","168","51"
"15","50","470","61"
"16","50","169","50"
"15","50","471","62"
"16","50","170","49"
"16","50","171","46"
"15","50","472","62"
"16","50","172","43"
"15","50","473","65"
"16","50","173","40"
"15","50","474","63"
"15","50","475","62"
"16","50","174","36"
"15","50","476","61"
"16","50","175","37"
"16","50","176","39"
"15","50","477","61"
"16","50","177","38"
"15","50","478","59"
"2","10","88","0"
"15","50","479","60"
"16","50","178","40"
"16","50","179","42"
"15","50","480","57"
"16","50","180","39"
"15","50","481","57"
"16","50","181","38"
"15","50","482","59"
"15","50","483","61"
"16","50","182","38"
"15","50","484","64"
"16","50","183","38"
"15","50","485","62"
"16","50","184","37"
"15","50","486","65"
"16","50","185","39"
"15","50","487","63"
"16","50","186","40"
"16","50","187","39"
"15","50","488","65"
"16","50","188","38"
"16","50","189","37"
"15","50","489","69"
"16","50","190","39"
"15","50","490","74"
"16","50","191","41"
"15","50","491","75"
"16","50","192","41"
"15","50","492","71"
"16","50","193","43"
"16","50","194","45"
"15","50","493","71"
"16","50","195","42"
"15","50","494","71"
"16","50","196","44"
"15","50","495","73"
"16","50","197","44"
"15","50","496","72"
"16","50","198","45"
"15","50","497","72"
"16","50","199","45"
"15","50","498","74"
"16","50","200","45"
"15","50","499","73"
"16","50","201","46"
"15","50","500","74"
"16","50","202","43"
"17","50","0","10"
"16","50","203","42"
"17","50","1","10"
"17","50","2","10"
"16","50","204","39"
"17","50","3","10"
"16","50","205","38"
"17","50","4","10"
"17","50","5","11"
"16","50","206","40"
"17","50","6","11"
"17","50","7","12"
"16","50","207","40"
"17","50","8","12"
"17","50","9","15"
"16","50","208","42"
"17","50","10","17"
"17","50","11","20"
"16","50","209","42"
"17","50","12","21"
"17","50","13","22"
"16","50","210","40"
"17","50","14","26"
"17","50","15","26"
"16","50","211","40"
"17","50","16","29"
"17","50","17","29"
"17","50","18","32"
"16","50","212","39"
"17","50","19","32"
"17","50","20","33"
"17","50","21","25"
"16","50","213","39"
"17","50","22","26"
"17","50","23","28"
"17","50","24","31"
"16","50","214","36"
"17","50","25","31"
"17","50","26","30"
"2","10","89","0"
"16","50","215","39"
"17","50","27","30"
"17","50","28","32"
"16","50","216","41"
"17","50","29","32"
"17","50","30","30"
"16","50","217","41"
"17","50","31","33"
"17","50","32","30"
"16","50","218","42"
"17","50","33","30"
"16","50","219","45"
"17","50","34","26"
"17","50","35","27"
"16","50","220","45"
"17","50","36","25"
"17","50","37","26"
"16","50","221","45"
"17","50","38","26"
"17","50","39","27"
"16","50","222","45"
"17","50","40","28"
"17","50","41","27"
"16","50","223","49"
"17","50","42","27"
"16","50","224","50"
"17","50","43","30"
"17","50","44","29"
"16","50","225","53"
"17","50","45","31"
"17","50","46","32"
"16","50","226","55"
"17","50","47","32"
"16","50","227","54"
"17","50","48","33"
"16","50","228","57"
"17","50","49","30"
"16","50","229","55"
"17","50","50","34"
"17","50","51","33"
"16","50","230","58"
"17","50","52","34"
"16","50","231","62"
"17","50","53","35"
"16","50","232","62"
"17","50","54","34"
"16","50","233","63"
"16","50","234","64"
"17","50","55","37"
"17","50","56","37"
"16","50","235","65"
"17","50","57","37"
"16","50","236","64"
"17","50","58","41"
"17","50","59","44"
"16","50","237","62"
"17","50","60","45"
"16","50","238","62"
"17","50","61","48"
"16","50","239","63"
"17","50","62","47"
"16","50","240","64"
"17","50","63","50"
"17","50","64","49"
"16","50","241","66"
"17","50","65","46"
"16","50","242","72"
"17","50","66","48"
"17","50","67","53"
"16","50","243","74"
"17","50","68","52"
"16","50","244","74"
"17","50","69","51"
"17","50","70","53"
"16","50","245","75"
"17","50","71","50"
"16","50","246","80"
"17","50","72","51"
"16","50","247","77"
"17","50","73","51"
"16","50","248","74"
"17","50","74","51"
"16","50","249","78"
"17","50","75","50"
"16","50","250","81"
"17","50","76","52"
"17","50","77","52"
"16","50","251","80"
"17","50","78","55"
"16","50","252","80"
"17","50","79","53"
"16","50","253","85"
"17","50","80","50"
"16","50","254","86"
"17","50","81","49"
"16","50","255","86"
"17","50","82","48"
"16","50","256","86"
"17","50","83","50"
"16","50","257","87"
"17","50","84","48"
"16","50","258","88"
"17","50","85","49"
"16","50","259","87"
"17","50","86","49"
"17","50","87","51"
"16","50","260","85"
"17","50","88","50"
"16","50","261","89"
"16","50","262","89"
"17","50","89","52"
"16","50","263","85"
"17","50","90","51"
"17","50","91","51"
"16","50","264","83"
"17","50","92","55"
"16","50","265","84"
"17","50","93","56"
"2","10","90","0"
"16","50","266","79"
"17","50","94","58"
"16","50","267","77"
"17","50","95","56"
"16","50","268","75"
"17","50","96","54"
"16","50","269","78"
"17","50","97","54"
"16","50","270","73"
"17","50","98","53"
"16","50","271","77"
"16","50","272","75"
"17","50","99","49"
"17","50","100","53"
"16","50","273","74"
"17","50","101","54"
"16","50","274","73"
"17","50","102","56"
"16","50","275","72"
"17","50","103","52"
"16","50","276","74"
"17","50","104","54"
"16","50","277","75"
"17","50","105","52"
"16","50","278","75"
"17","50","106","53"
"16","50","279","75"
"17","50","107","54"
"16","50","280","74"
"17","50","108","54"
"17","50","109","56"
"16","50","281","65"
"16","50","282","66"
"17","50","110","60"
"17","50","111","59"
"16","50","283","64"
"17","50","112","64"
"16","50","284","63"
"16","50","285","64"
"17","50","113","58"
"16","50","286","64"
"17","50","114","61"
"16","50","287","62"
"17","50","115","64"
"16","50","288","63"
"17","50","116","72"
"16","50","289","62"
"17","50","117","73"
"16","50","290","57"
"17","50","118","72"
"17","50","119","73"
"16","50","291","54"
"17","50","120","75"
"16","50","292","48"
"17","50","121","69"
"17","50","122","69"
"16","50","293","48"
"17","50","123","71"
"16","50","294","47"
"17","50","124","77"
"16","50","295","48"
"17","50","125","78"
"16","50","296","43"
"16","50","297","41"
"17","50","126","80"
"16","50","298","34"
"16","50","299","34"
"17","50","127","83"
"16","50","300","33"
"17","50","128","80"
"16","50","301","35"
"17","50","129","80"
"16","50","302","37"
"17","50","130","76"
"16","50","303","32"
"16","50","304","32"
"17","50","131","73"
"17","50","132","77"
"16","50","305","31"
"16","50","306","31"
"17","50","133","72"
"16","50","307","28"
"17","50","134","72"
"16","50","308","31"
"16","50","309","33"
"17","50","135","70"
"16","50","310","33"
"16","50","311","35"
"17","50","136","70"
"16","50","312","37"
"17","50","137","65"
"17","50","138","67"
"16","50","313","35"
"17","50","139","64"
"17","50","140","67"
"16","50","314","36"
"17","50","141","68"
"17","50","142","68"
"16","50","315","38"
"16","50","316","37"
"17","50","143","67"
"17","50","144","63"
"16","50","317","34"
"17","50","145","61"
"16","50","318","35"
"16","50","319","35"
"17","50","146","58"
"2","10","91","0"
"17","50","147","54"
"16","50","320","34"
"17","50","148","54"
"16","50","321","35"
"17","50","149","57"
"16","50","322","34"
"17","50","150","57"
"16","50","323","32"
"17","50","151","60"
"16","50","324","34"
"17","50","152","61"
"16","50","325","36"
"17","50","153","56"
"17","50","154","54"
"16","50","326","35"
"16","50","327","35"
"17","50","155","58"
"17","50","156","55"
"16","50","328","36"
"17","50","157","53"
"16","50","329","31"
"17","50","158","52"
"16","50","330","29"
"17","50","159","55"
"16","50","331","27"
"17","50","160","55"
"16","50","332","30"
"17","50","161","50"
"16","50","333","32"
"17","50","162","48"
"16","50","334","31"
"17","50","163","45"
"16","50","335","29"
"16","50","336","27"
"17","50","164","43"
"16","50","337","29"
"17","50","165","42"
"16","50","338","30"
"17","50","166","44"
"16","50","339","32"
"16","50","340","34"
"17","50","167","44"
"16","50","341","35"
"17","50","168","41"
"17","50","169","41"
"16","50","342","33"
"17","50","170","39"
"16","50","343","34"
"16","50","344","35"
"17","50","171","40"
"16","50","345","37"
"17","50","172","39"
"16","50","346","38"
"17","50","173","37"
"16","50","347","40"
"17","50","174","39"
"16","50","348","41"
"17","50","175","39"
"17","50","176","34"
"16","50","349","42"
"17","50","177","34"
"16","50","350","48"
"16","50","351","53"
"17","50","178","32"
"16","50","352","49"
"17","50","179","32"
"16","50","353","50"
"17","50","180","31"
"16","50","354","54"
"17","50","181","29"
"16","50","355","56"
"17","50","182","32"
"16","50","356","58"
"17","50","183","34"
"16","50","357","59"
"17","50","184","38"
"16","50","358","59"
"17","50","185","42"
"17","50","186","43"
"16","50","359","66"
"16","50","360","67"
"17","50","187","45"
"16","50","361","65"
"2","10","92","0"
"17","50","188","46"
"16","50","362","70"
"17","50","189","44"
"16","50","363","73"
"17","50","190","43"
"16","50","364","72"
"17","50","191","43"
"16","50","365","70"
"17","50","192","42"
"16","50","366","66"
"17","50","193","44"
"16","50","367","69"
"17","50","194","44"
"17","50","195","44"
"16","50","368","69"
"17","50","196","45"
"16","50","369","68"
"16","50","370","66"
"17","50","197","49"
"17","50","198","48"
"16","50","371","63"
"17","50","199","49"
"16","50","372","63"
"17","50","200","48"
"16","50","373","65"
"17","50","201","52"
"16","50","374","69"
"17","50","202","51"
"16","50","375","69"
"16","50","376","67"
"17","50","203","51"
"16","50","377","69"
"17","50","204","49"
"16","50","378","70"
"17","50","205","48"
"16","50","379","67"
"17","50","206","48"
"16","50","380","65"
"17","50","207","45"
"16","50","381","67"
"17","50","208","45"
"16","50","382","71"
"17","50","209","46"
"17","50","210","48"
"16","50","383","67"
"17","50","211","49"
"16","50","384","67"
"17","50","212","53"
"16","50","385","68"
"17","50","213","51"
"16","50","386","70"
"17","50","214","51"
"16","50","387","72"
"17","50","215","59"
"16","50","388","71"
"17","50","216","58"
"16","50","389","71"
"17","50","217","62"
"16","50","390","69"
"17","50","218","63"
"16","50","391","69"
"17","50","219","65"
"16","50","392","70"
"17","50","220","66"
"16","50","393","70"
"17","50","221","67"
"16","50","394","73"
"17","50","222","68"
"16","50","395","71"
"17","50","223","67"
"16","50","396","71"
"17","50","224","70"
"16","50","397","71"
"17","50","225","78"
"16","50","398","73"
"17","50","226","83"
"16","50","399","76"
"17","50","227","80"
"16","50","400","74"
"17","50","228","84"
"16","50","401","76"
"16","50","402","74"
"17","50","229","87"
"17","50","230","83"
"16","50","403","76"
"16","50","404","74"
"17","50","231","83"
"16","50","405","74"
"17","50","232","87"
"16","50","406","71"
"17","50","233","91"
"16","50","407","75"
"17","50","234","92"
"16","50","408","77"
"17","50","235","87"
"16","50","409","74"
"17","50","236","89"
"16","50","410","76"
"17","50","237","94"
"16","50","411","77"
"17","50","238","94"
"16","50","412","78"
"17","50","239","93"
"16","50","413","78"
"17","50","240","93"
"16","50","414","78"
"17","50","241","90"
"16","50","415","73"
"17","50","242","90"
"16","50","416","70"
"17","50","243","88"
"16","50","417","70"
"17","50","244","91"
"16","50","418","72"
"17","50","245","90"
"16","50","419","68"
"17","50","246","82"
"2","10","93","0"
"17","50","247","80"
"16","50","420","70"
"17","50","248","78"
"16","50","421","70"
"17","50","249","78"
"16","50","422","68"
"17","50","250","77"
"16","50","423","68"
"17","50","251","78"
"16","50","424","69"
"16","50","425","67"
"17","50","252","77"
"17","50","253","77"
"16","50","426","67"
"17","50","254","72"
"16","50","427","65"
"17","50","255","70"
"17","50","256","65"
"16","50","428","63"
"17","50","257","62"
"16","50","429","63"
"17","50","258","59"
"16","50","430","60"
"17","50","259","51"
"16","50","431","60"
"17","50","260","51"
"16","50","432","60"
"17","50","261","53"
"16","50","433","60"
"17","50","262","55"
"16","50","434","56"
"17","50","263","54"
"16","50","435","53"
"17","50","264","50"
"16","50","436","52"
"17","50","265","48"
"16","50","437","51"
"17","50","266","49"
"16","50","438","51"
"17","50","267","45"
"16","50","439","49"
"17","50","268","45"
"16","50","440","43"
"17","50","269","45"
"16","50","441","41"
"17","50","270","46"
"16","50","442","39"
"16","50","443","36"
"17","50","271","49"
"16","50","444","36"
"17","50","272","46"
"16","50","445","34"
"17","50","273","42"
"16","50","446","36"
"17","50","274","42"
"16","50","447","35"
"17","50","275","42"
"16","50","448","35"
"17","50","276","43"
"16","50","449","34"
"17","50","277","45"
"16","50","450","32"
"17","50","278","46"
"16","50","451","29"
"17","50","279","47"
"16","50","452","27"
"17","50","280","45"
"16","50","453","30"
"17","50","281","47"
"16","50","454","30"
"17","50","282","45"
"16","50","455","31"
"17","50","283","42"
"16","50","456","31"
"17","50","284","42"
"16","50","457","34"
"17","50","285","44"
"16","50","458","34"
"17","50","286","44"
"16","50","459","32"
"17","50","287","45"
"16","50","460","32"
"17","50","288","45"
"16","50","461","33"
"17","50","289","44"
"16","50","462","33"
"17","50","290","44"
"16","50","463","33"
"17","50","291","41"
"16","50","464","34"
"17","50","292","41"
"16","50","465","36"
"17","50","293","43"
"16","50","466","39"
"17","50","294","42"
"16","50","467","36"
"17","50","295","47"
"16","50","468","34"
"17","50","296","48"
"16","50","469","37"
"17","50","297","46"
"16","50","470","36"
"17","50","298","43"
"16","50","471","38"
"17","50","299","44"
"16","50","472","35"
"17","50","300","44"
"16","50","473","37"
"17","50","301","42"
"16","50","474","32"
"17","50","302","42"
"17","50","303","41"
"16","50","475","29"
"17","50","304","42"
"16","50","476","32"
"17","50","305","43"
"16","50","477","31"
"16","50","478","32"
"17","50","306","45"
"16","50","479","31"
"17","50","307","45"
"16","50","480","30"
"16","50","481","30"
"17","50","308","45"
"16","50","482","30"
"17","50","309","44"
"16","50","483","31"
"17","50","310","43"
"16","50","484","33"
"17","50","311","44"
"16","50","485","30"
"17","50","312","45"
"16","50","486","27"
"16","50","487","30"
"17","50","313","44"
"17","50","314","45"
"16","50","488","33"
"16","50","489","31"
"17","50","315","44"
"16","50","490","31"
"17","50","316","42"
"16","50","491","31"
"17","50","317","42"
"16","50","492","31"
"17","50","318","43"
"16","50","493","32"
"17","50","319","42"
"16","50","494","34"
"16","50","495","35"
"17","50","320","42"
"2","10","94","0"
"17","50","321","44"
"17","50","322","41"
"16","50","496","37"
"17","50","323","45"
"16","50","497","39"
"17","50","324","46"
"17","50","325","47"
"16","50","498","39"
"17","50","326","45"
"16","50","499","42"
"17","50","327","43"
"16","50","500","44"
"17","50","328","41"
"18","50","0","10"
"17","50","329","43"
"18","50","1","10"
"18","50","2","10"
"17","50","330","46"
"18","50","3","10"
"18","50","4","11"
"17","50","331","51"
"18","50","5","11"
"17","50","332","49"
"18","50","6","12"
"18","50","7","13"
"17","50","333","46"
"18","50","8","13"
"18","50","9","13"
"17","50","334","45"
"18","50","10","13"
"18","50","11","13"
"17","50","335","48"
"18","50","12","13"
"18","50","13","14"
"17","50","336","49"
"18","50","14","14"
"17","50","337","50"
"18","50","15","15"
"17","50","338","49"
"18","50","16","15"
"18","50","17","19"
"17","50","339","51"
"18","50","18","20"
"18","50","19","23"
"17","50","340","55"
"18","50","20","26"
"17","50","341","58"
"18","50","21","16"
"18","50","22","19"
"17","50","342","60"
"18","50","23","20"
"18","50","24","19"
"17","50","343","64"
"18","50","25","20"
"17","50","344","67"
"18","50","26","22"
"18","50","27","21"
"17","50","345","69"
"18","50","28","21"
"17","50","346","68"
"18","50","29","23"
"18","50","30","23"
"17","50","347","70"
"18","50","31","23"
"17","50","348","72"
"18","50","32","23"
"17","50","349","73"
"18","50","33","22"
"17","50","350","71"
"18","50","34","23"
"17","50","351","69"
"18","50","35","24"
"18","50","36","25"
"17","50","352","71"
"18","50","37","24"
"18","50","38","22"
"17","50","353","74"
"18","50","39","22"
"17","50","354","74"
"18","50","40","20"
"18","50","41","19"
"17","50","355","73"
"18","50","42","19"
"17","50","356","76"
"18","50","43","16"
"18","50","44","17"
"17","50","357","73"
"18","50","45","16"
"18","50","46","15"
"17","50","358","74"
"18","50","47","14"
"18","50","48","15"
"17","50","359","81"
"18","50","49","12"
"17","50","360","77"
"18","50","50","12"
"17","50","361","73"
"18","50","51","12"
"2","10","95","0"
"18","50","52","12"
"17","50","362","73"
"18","50","53","12"
"17","50","363","72"
"18","50","54","14"
"18","50","55","13"
"17","50","364","71"
"18","50","56","14"
"17","50","365","71"
"18","50","57","14"
"17","50","366","72"
"18","50","58","14"
"17","50","367","69"
"18","50","59","13"
"17","50","368","68"
"18","50","60","12"
"17","50","369","69"
"18","50","61","12"
"18","50","62","12"
"17","50","370","70"
"18","50","63","12"
"17","50","371","71"
"17","50","372","70"
"18","50","64","11"
"18","50","65","11"
"17","50","373","69"
"18","50","66","12"
"18","50","67","14"
"17","50","374","72"
"18","50","68","15"
"17","50","375","73"
"18","50","69","17"
"18","50","70","18"
"17","50","376","73"
"17","50","377","69"
"18","50","71","18"
"17","50","378","69"
"18","50","72","20"
"18","50","73","20"
"17","50","379","66"
"18","50","74","18"
"18","50","75","21"
"17","50","380","64"
"18","50","76","19"
"18","50","77","19"
"17","50","381","66"
"18","50","78","18"
"18","50","79","19"
"17","50","382","67"
"18","50","80","22"
"17","50","383","62"
"18","50","81","22"
"17","50","384","63"
"18","50","82","22"
"18","50","83","25"
"17","50","385","58"
"18","50","84","25"
"17","50","386","56"
"18","50","85","31"
"17","50","387","59"
"18","50","86","31"
"18","50","87","32"
"17","50","388","58"
"17","50","389","59"
"18","50","88","35"
"17","50","390","57"
"18","50","89","35"
"17","50","391","55"
"17","50","392","59"
"18","50","90","35"
"17","50","393","56"
"17","50","394","51"
"18","50","91","36"
"17","50","395","52"
"17","50","396","54"
"18","50","92","36"
"17","50","397","55"
"18","50","93","36"
"17","50","398","55"
"17","50","399","54"
"18","50","94","39"
"17","50","400","52"
"17","50","401","51"
"18","50","95","44"
"17","50","402","51"
"18","50","96","46"
"17","50","403","49"
"18","50","97","49"
"17","50","404","49"
"17","50","405","55"
"18","50","98","48"
"17","50","406","55"
"18","50","99","50"
"17","50","407","54"
"17","50","408","53"
"18","50","100","55"
"18","50","101","56"
"17","50","409","50"
"18","50","102","57"
"18","50","103","57"
"17","50","410","51"
"18","50","104","60"
"17","50","411","47"
"17","50","412","47"
"18","50","105","58"
"17","50","413","45"
"18","50","106","56"
"17","50","414","45"
"18","50","107","58"
"18","50","108","61"
"17","50","415","45"
"18","50","109","63"
"18","50","110","66"
"17","50","416","44"
"18","50","111","69"
"17","50","417","41"
"18","50","112","70"
"17","50","418","43"
"18","50","113","74"
"18","50","114","76"
"17","50","419","44"
"18","50","115","80"
"2","10","96","0"
"17","50","420","46"
"18","50","116","76"
"18","50","117","74"
"17","50","421","45"
"18","50","118","78"
"17","50","422","46"
"18","50","119","78"
"17","50","423","47"
"18","50","120","74"
"17","50","424","46"
"18","50","121","74"
"17","50","425","45"
"18","50","122","74"
"17","50","426","39"
"18","50","123","73"
"18","50","124","73"
"17","50","427","41"
"18","50","125","72"
"17","50","428","40"
"18","50","126","71"
"17","50","429","41"
"18","50","127","74"
"17","50","430","41"
"18","50","128","77"
"17","50","431","40"
"18","50","129","76"
"17","50","432","38"
"18","50","130","76"
"17","50","433","40"
"18","50","131","79"
"17","50","434","40"
"18","50","132","78"
"17","50","435","40"
"18","50","133","78"
"17","50","436","40"
"18","50","134","76"
"17","50","437","42"
"18","50","135","77"
"17","50","438","42"
"18","50","136","70"
"17","50","439","37"
"18","50","137","75"
"17","50","440","39"
"18","50","138","74"
"17","50","441","42"
"18","50","139","72"
"17","50","442","46"
"18","50","140","72"
"17","50","443","45"
"18","50","141","74"
"17","50","444","45"
"18","50","142","75"
"18","50","143","74"
"17","50","445","47"
"18","50","144","76"
"17","50","446","47"
"18","50","145","83"
"17","50","447","45"
"18","50","146","83"
"17","50","448","47"
"18","50","147","80"
"17","50","449","52"
"18","50","148","80"
"17","50","450","50"
"18","50","149","81"
"17","50","451","52"
"18","50","150","75"
"17","50","452","53"
"18","50","151","71"
"17","50","453","51"
"18","50","152","72"
"17","50","454","52"
"18","50","153","70"
"17","50","455","53"
"18","50","154","71"
"18","50","155","73"
"17","50","456","56"
"18","50","156","72"
"17","50","457","56"
"18","50","157","71"
"17","50","458","55"
"18","50","158","72"
"18","50","159","72"
"17","50","459","59"
"17","50","460","61"
"18","50","160","75"
"17","50","461","62"
"18","50","161","77"
"17","50","462","55"
"18","50","162","77"
"17","50","463","52"
"18","50","163","75"
"17","50","464","54"
"17","50","465","59"
"18","50","164","76"
"17","50","466","59"
"18","50","165","72"
"17","50","467","60"
"18","50","166","71"
"17","50","468","62"
"17","50","469","59"
"18","50","167","70"
"17","50","470","58"
"18","50","168","74"
"17","50","471","62"
"18","50","169","68"
"17","50","472","62"
"18","50","170","64"
"17","50","473","68"
"18","50","171","65"
"17","50","474","68"
"18","50","172","65"
"17","50","475","70"
"18","50","173","62"
"17","50","476","71"
"17","50","477","68"
"18","50","174","61"
"17","50","478","72"
"18","50","175","60"
"18","50","176","58"
"17","50","479","69"
"17","50","480","70"
"18","50","177","56"
"18","50","178","52"
"17","50","481","71"
"18","50","179","50"
"17","50","482","72"
"18","50","180","44"
"17","50","483","77"
"18","50","181","44"
"17","50","484","80"
"18","50","182","43"
"17","50","485","79"
"18","50","183","43"
"17","50","486","76"
"2","10","97","0"
"17","50","487","79"
"18","50","184","40"
"17","50","488","78"
"18","50","185","37"
"17","50","489","79"
"18","50","186","37"
"17","50","490","78"
"18","50","187","39"
"17","50","491","80"
"18","50","188","35"
"17","50","492","78"
"18","50","189","33"
"17","50","493","77"
"18","50","190","36"
"17","50","494","69"
"18","50","191","34"
"17","50","495","69"
"18","50","192","31"
"17","50","496","69"
"18","50","193","31"
"17","50","497","71"
"18","50","194","33"
"17","50","498","74"
"17","50","499","76"
"18","50","195","32"
"17","50","500","72"
"18","50","196","32"
"19","50","0","10"
"18","50","197","30"
"19","50","1","10"
"19","50","2","11"
"19","50","3","12"
"18","50","198","30"
"19","50","4","12"
"19","50","5","13"
"19","50","6","13"
"18","50","199","29"
"19","50","7","13"
"18","50","200","30"
"19","50","8","16"
"19","50","9","16"
"19","50","10","17"
"18","50","201","33"
"19","50","11","17"
"19","50","12","18"
"18","50","202","34"
"19","50","13","19"
"18","50","203","32"
"19","50","14","19"
"19","50","15","19"
"18","50","204","36"
"19","50","16","19"
"19","50","17","19"
"18","50","205","37"
"19","50","18","19"
"18","50","206","39"
"19","50","19","21"
"19","50","20","22"
"18","50","207","38"
"19","50","21","12"
"18","50","208","36"
"19","50","22","14"
"19","50","23","12"
"18","50","209","37"
"19","50","24","12"
"19","50","25","12"
"18","50","210","39"
"19","50","26","11"
"19","50","27","13"
"18","50","211","36"
"19","50","28","11"
"19","50","29","13"
"18","50","212","37"
"19","50","30","13"
"19","50","31","12"
"18","50","213","40"
"19","50","32","11"
"18","50","214","41"
"19","50","33","12"
"18","50","215","40"
"19","50","34","12"
"19","50","35","12"
"18","50","216","41"
"19","50","36","14"
"18","50","217","42"
"19","50","37","15"
"18","50","218","48"
"19","50","38","16"
"18","50","219","53"
"19","50","39","15"
"18","50","220","53"
"19","50","40","18"
"19","50","41","19"
"18","50","221","56"
"19","50","42","20"
"18","50","222","53"
"19","50","43","21"
"18","50","223","62"
"19","50","44","26"
"18","50","224","62"
"19","50","45","27"
"19","50","46","31"
"18","50","225","59"
"19","50","47","37"
"18","50","226","65"
"19","50","48","37"
"18","50","227","66"
"19","50","49","36"
"19","50","50","36"
"18","50","228","71"
"19","50","51","37"
"18","50","229","73"
"19","50","52","40"
"18","50","230","74"
"19","50","53","42"
"19","50","54","45"
"18","50","231","76"
"19","50","55","48"
"18","50","232","79"
"19","50","56","47"
"18","50","233","78"
"19","50","57","50"
"19","50","58","52"
"18","50","234","78"
"18","50","235","83"
"19","50","59","57"
"18","50","236","87"
"19","50","60","56"
"18","50","237","90"
"19","50","61","55"
"19","50","62","55"
"18","50","238","89"
"19","50","63","54"
"19","50","64","54"
"18","50","239","88"
"19","50","65","50"
"18","50","240","92"
"19","50","66","52"
"18","50","241","94"
"19","50","67","50"
"18","50","242","92"
"19","50","68","47"
"19","50","69","49"
"18","50","243","88"
"19","50","70","53"
"2","10","98","0"
"18","50","244","87"
"19","50","71","54"
"18","50","245","89"
"19","50","72","57"
"18","50","246","91"
"18","50","247","90"
"19","50","73","57"
"18","50","248","89"
"19","50","74","58"
"18","50","249","90"
"19","50","75","56"
"19","50","76","57"
"18","50","250","94"
"19","50","77","57"
"19","50","78","55"
"18","50","251","95"
"19","50","79","50"
"18","50","252","94"
"19","50","80","51"
"18","50","253","95"
"19","50","81","55"
"18","50","254","97"
"19","50","82","58"
"18","50","255","99"
"19","50","83","59"
"18","50","256","95"
"19","50","84","63"
"18","50","257","93"
"18","50","258","93"
"19","50","85","65"
"18","50","259","90"
"18","50","260","89"
"19","50","86","67"
"19","50","87","70"
"18","50","261","87"
"19","50","88","71"
"18","50","262","87"
"19","50","89","67"
"18","50","263","89"
"19","50","90","65"
"19","50","91","65"
"18","50","264","90"
"19","50","92","64"
"18","50","265","84"
"19","50","93","63"
"18","50","266","84"
"19","50","94","59"
"18","50","267","83"
"19","50","95","60"
"19","50","96","60"
"18","50","268","83"
"19","50","97","64"
"18","50","269","81"
"19","50","98","65"
"18","50","270","75"
"19","50","99","69"
"19","50","100","69"
"18","50","271","72"
"19","50","101","70"
"18","50","272","70"
"19","50","102","68"
"18","50","273","71"
"19","50","103","68"
"19","50","104","64"
"18","50","274","68"
"19","50","105","61"
"18","50","275","67"
"19","50","106","60"
"18","50","276","62"
"19","50","107","57"
"18","50","277","62"
"19","50","108","55"
"18","50","278","60"
"19","50","109","55"
"18","50","279","61"
"18","50","280","61"
"19","50","110","56"
"18","50","281","53"
"19","50","111","57"
"18","50","282","52"
"19","50","112","56"
"18","50","283","52"
"19","50","113","55"
"19","50","114","56"
"18","50","284","48"
"19","50","115","59"
"18","50","285","47"
"19","50","116","56"
"18","50","286","44"
"19","50","117","51"
"18","50","287","43"
"19","50","118","49"
"18","50","288","42"
"18","50","289","37"
"19","50","119","49"
"19","50","120","48"
"18","50","290","37"
"18","50","291","35"
"19","50","121","49"
"18","50","292","33"
"19","50","122","47"
"18","50","293","34"
"19","50","123","46"
"18","50","294","33"
"2","10","99","0"
"18","50","295","32"
"19","50","124","44"
"18","50","296","31"
"19","50","125","43"
"19","50","126","43"
"18","50","297","29"
"19","50","127","42"
"19","50","128","45"
"18","50","298","27"
"19","50","129","41"
"18","50","299","31"
"18","50","300","28"
"19","50","130","44"
"19","50","131","40"
"18","50","301","30"
"19","50","132","45"
"18","50","302","30"
"19","50","133","45"
"18","50","303","27"
"19","50","134","46"
"18","50","304","24"
"19","50","135","46"
"19","50","136","47"
"18","50","305","26"
"19","50","137","46"
"18","50","306","27"
"18","50","307","28"
"19","50","138","50"
"19","50","139","49"
"18","50","308","29"
"19","50","140","47"
"18","50","309","29"
"18","50","310","30"
"19","50","141","44"
"18","50","311","30"
"19","50","142","44"
"18","50","312","30"
"19","50","143","45"
"19","50","144","46"
"18","50","313","30"
"19","50","145","47"
"18","50","314","31"
"19","50","146","46"
"19","50","147","47"
"18","50","315","33"
"19","50","148","48"
"18","50","316","31"
"19","50","149","46"
"19","50","150","49"
"18","50","317","33"
"19","50","151","49"
"18","50","318","32"
"19","50","152","45"
"18","50","319","30"
"18","50","320","30"
"19","50","153","46"
"19","50","154","46"
"18","50","321","31"
"18","50","322","29"
"19","50","155","43"
"18","50","323","31"
"19","50","156","45"
"18","50","324","33"
"19","50","157","43"
"18","50","325","34"
"19","50","158","47"
"18","50","326","33"
"19","50","159","41"
"18","50","327","36"
"19","50","160","43"
"18","50","328","36"
"19","50","161","44"
"18","50","329","35"
"18","50","330","36"
"19","50","162","45"
"19","50","163","49"
"18","50","331","42"
"18","50","332","47"
"19","50","164","49"
"18","50","333","52"
"19","50","165","52"
"18","50","334","50"
"19","50","166","51"
"18","50","335","54"
"19","50","167","51"
"18","50","336","57"
"19","50","168","49"
"18","50","337","55"
"18","50","338","60"
"19","50","169","53"
"18","50","339","62"
"19","50","170","49"
"18","50","340","66"
"19","50","171","49"
"18","50","341","65"
"19","50","172","51"
"18","50","342","68"
"19","50","173","54"
"18","50","343","69"
"18","50","344","70"
"19","50","174","50"
"19","50","175","52"
"18","50","345","68"
"19","50","176","53"
"19","50","177","49"
"18","50","346","76"
"19","50","178","52"
"18","50","347","84"
"19","50","179","49"
"18","50","348","85"
"19","50","180","51"
"19","50","181","55"
"18","50","349","86"
"19","50","182","58"
"18","50","350","90"
"19","50","183","56"
"18","50","351","94"
"19","50","184","53"
"19","50","185","52"
"2","10","100","0"
"18","50","352","95"
"19","50","186","54"
"18","50","353","97"
"19","50","187","53"
"19","50","188","59"
"18","50","354","101"
"19","50","189","60"
"18","50","355","101"
"19","50","190","60"
"18","50","356","98"
"19","50","191","62"
"18","50","357","100"
"19","50","192","61"
"18","50","358","101"
"19","50","193","60"
"18","50","359","101"
"19","50","194","60"
"18","50","360","103"
"19","50","195","56"
"18","50","361","102"
"19","50","196","60"
"18","50","362","100"
"18","50","363","102"
"19","50","197","63"
"19","50","198","63"
"18","50","364","104"
"19","50","199","66"
"18","50","365","103"
"19","50","200","66"
"18","50","366","102"
"18","50","367","100"
"19","50","201","64"
"18","50","368","94"
"19","50","202","63"
"18","50","369","93"
"19","50","203","63"
"18","50","370","93"
"19","50","204","64"
"18","50","371","89"
"19","50","205","70"
"18","50","372","84"
"19","50","206","68"
"18","50","373","85"
"19","50","207","67"
"19","50","208","66"
"18","50","374","76"
"19","50","209","62"
"18","50","375","78"
"19","50","210","59"
"18","50","376","75"
"19","50","211","60"
"18","50","377","73"
"18","50","378","76"
"19","50","212","61"
"18","50","379","73"
"19","50","213","58"
"18","50","380","70"
"18","50","381","71"
"19","50","214","59"
"18","50","382","70"
"19","50","215","60"
"18","50","383","67"
"19","50","216","61"
"18","50","384","66"
"19","50","217","57"
"18","50","385","65"
"2","10","101","0"
"19","50","218","57"
"18","50","386","63"
"19","50","219","58"
"18","50","387","58"
"19","50","220","55"
"18","50","388","56"
"19","50","221","55"
"19","50","222","53"
"18","50","389","56"
"19","50","223","50"
"18","50","390","52"
"19","50","224","49"
"18","50","391","52"
"18","50","392","49"
"19","50","225","44"
"19","50","226","45"
"18","50","393","49"
"18","50","394","50"
"19","50","227","47"
"18","50","395","44"
"19","50","228","48"
"19","50","229","49"
"18","50","396","41"
"19","50","230","52"
"18","50","397","39"
"19","50","231","54"
"18","50","398","36"
"19","50","232","57"
"18","50","399","34"
"18","50","400","34"
"19","50","233","61"
"18","50","401","32"
"19","50","234","60"
"18","50","402","33"
"18","50","403","34"
"19","50","235","61"
"18","50","404","36"
"19","50","236","62"
"18","50","405","34"
"19","50","237","62"
"19","50","238","59"
"18","50","406","33"
"19","50","239","60"
"18","50","407","33"
"19","50","240","60"
"18","50","408","35"
"19","50","241","61"
"18","50","409","34"
"19","50","242","58"
"18","50","410","34"
"19","50","243","59"
"18","50","411","36"
"19","50","244","61"
"18","50","412","36"
"19","50","245","58"
"18","50","413","33"
"19","50","246","58"
"18","50","414","31"
"19","50","247","56"
"18","50","415","31"
"19","50","248","54"
"18","50","416","31"
"19","50","249","53"
"18","50","417","33"
"19","50","250","53"
"18","50","418","33"
"19","50","251","49"
"18","50","419","31"
"19","50","252","51"
"18","50","420","31"
"19","50","253","49"
"18","50","421","30"
"19","50","254","47"
"18","50","422","27"
"19","50","255","48"
"18","50","423","24"
"19","50","256","47"
"18","50","424","24"
"18","50","425","26"
"19","50","257","45"
"18","50","426","29"
"19","50","258","48"
"18","50","427","28"
"19","50","259","51"
"19","50","260","48"
"18","50","428","27"
"19","50","261","49"
"18","50","429","27"
"18","50","430","28"
"19","50","262","48"
"18","50","431","27"
"19","50","263","53"
"18","50","432","27"
"19","50","264","51"
"18","50","433","27"
"18","50","434","28"
"19","50","265","57"
"18","50","435","27"
"19","50","266","58"
"18","50","436","29"
"19","50","267","57"
"18","50","437","28"
"19","50","268","58"
"18","50","438","29"
"18","50","439","30"
"19","50","269","61"
"18","50","440","34"
"19","50","270","59"
"19","50","271","59"
"18","50","441","35"
"19","50","272","61"
"18","50","442","34"
"19","50","273","63"
"18","50","443","35"
"19","50","274","61"
"18","50","444","36"
"19","50","275","63"
"18","50","445","32"
"19","50","276","62"
"18","50","446","30"
"19","50","277","66"
"18","50","447","29"
"19","50","278","63"
"18","50","448","31"
"19","50","279","64"
"18","50","449","33"
"19","50","280","65"
"2","10","102","0"
"18","50","450","32"
"19","50","281","68"
"18","50","451","34"
"19","50","282","71"
"18","50","452","35"
"18","50","453","36"
"19","50","283","70"
"18","50","454","35"
"19","50","284","68"
"19","50","285","67"
"18","50","455","38"
"19","50","286","64"
"18","50","456","39"
"18","50","457","40"
"19","50","287","63"
"18","50","458","40"
"19","50","288","63"
"18","50","459","41"
"19","50","289","64"
"18","50","460","41"
"18","50","461","39"
"19","50","290","62"
"18","50","462","42"
"19","50","291","67"
"18","50","463","44"
"19","50","292","68"
"18","50","464","46"
"19","50","293","66"
"18","50","465","46"
"19","50","294","63"
"18","50","466","50"
"18","50","467","57"
"19","50","295","62"
"18","50","468","59"
"19","50","296","63"
"18","50","469","60"
"19","50","297","56"
"18","50","470","68"
"19","50","298","59"
"18","50","471","67"
"19","50","299","59"
"18","50","472","70"
"18","50","473","69"
"19","50","300","61"
"19","50","301","56"
"18","50","474","71"
"19","50","302","51"
"18","50","475","73"
"19","50","303","47"
"18","50","476","73"
"19","50","304","48"
"18","50","477","80"
"19","50","305","47"
"18","50","478","83"
"19","50","306","50"
"18","50","479","88"
"18","50","480","89"
"19","50","307","48"
"19","50","308","51"
"18","50","481","91"
"18","50","482","92"
"19","50","309","49"
"19","50","310","48"
"18","50","483","93"
"19","50","311","46"
"18","50","484","99"
"18","50","485","97"
"19","50","312","44"
"19","50","313","44"
"18","50","486","98"
"19","50","314","47"
"18","50","487","102"
"18","50","488","102"
"19","50","315","51"
"18","50","489","102"
"19","50","316","49"
"18","50","490","100"
"19","50","317","53"
"19","50","318","50"
"18","50","491","98"
"19","50","319","52"
"18","50","492","100"
"19","50","320","48"
"18","50","493","102"
"19","50","321","46"
"19","50","322","47"
"18","50","494","102"
"19","50","323","49"
"18","50","495","104"
"19","50","324","50"
"19","50","325","54"
"18","50","496","103"
"19","50","326","53"
"18","50","497","99"
"19","50","327","53"
"19","50","328","53"
"18","50","498","91"
"19","50","329","54"
"18","50","499","90"
"18","50","500","92"
"19","50","330","55"
"20","50","0","10"
"19","50","331","58"
"20","50","1","10"
"20","50","2","11"
"19","50","332","60"
"20","50","3","11"
"20","50","4","12"
"19","50","333","59"
"20","50","5","12"
"19","50","334","56"
"20","50","6","12"
"19","50","335","49"
"20","50","7","14"
"19","50","336","49"
"20","50","8","16"
"19","50","337","49"
"20","50","9","17"
"20","50","10","18"
"19","50","338","49"
"20","50","11","20"
"20","50","12","20"
"19","50","339","52"
"20","50","13","21"
"20","50","14","23"
"19","50","340","57"
"20","50","15","24"
"20","50","16","27"
"19","50","341","58"
"20","50","17","29"
"19","50","342","62"
"20","50","18","31"
"20","50","19","32"
"20","50","20","34"
"19","50","343","64"
"20","50","21","24"
"19","50","344","65"
"20","50","22","28"
"20","50","23","31"
"19","50","345","64"
"20","50","24","35"
"19","50","346","62"
"20","50","25","39"
"20","50","26","40"
"19","50","347","61"
"20","50","27","39"
"20","50","28","39"
"19","50","348","59"
"20","50","29","40"
"20","50","30","42"
"19","50","349","61"
"20","50","31","41"
"2","10","103","0"
"20","50","32","44"
"19","50","350","62"
"20","50","33","45"
"19","50","351","61"
"20","50","34","45"
"20","50","35","48"
"19","50","352","63"
"20","50","36","49"
"19","50","353","59"
"20","50","37","47"
"19","50","354","60"
"20","50","38","47"
"20","50","39","47"
"19","50","355","64"
"20","50","40","47"
"19","50","356","65"
"20","50","41","50"
"19","50","357","67"
"20","50","42","49"
"20","50","43","47"
"19","50","358","66"
"20","50","44","47"
"19","50","359","67"
"20","50","45","48"
"19","50","360","66"
"20","50","46","45"
"20","50","47","46"
"19","50","361","62"
"20","50","48","44"
"19","50","362","62"
"20","50","49","43"
"20","50","50","43"
"20","50","51","41"
"19","50","363","61"
"20","50","52","40"
"19","50","364","63"
"20","50","53","41"
"19","50","365","65"
"20","50","54","41"
"19","50","366","69"
"20","50","55","37"
"20","50","56","35"
"19","50","367","72"
"20","50","57","36"
"20","50","58","36"
"19","50","368","73"
"20","50","59","33"
"19","50","369","72"
"20","50","60","32"
"20","50","61","33"
"19","50","370","72"
"20","50","62","31"
"19","50","371","70"
"20","50","63","30"
"19","50","372","69"
"20","50","64","28"
"20","50","65","23"
"19","50","373","72"
"20","50","66","24"
"20","50","67","24"
"19","50","374","72"
"20","50","68","26"
"20","50","69","28"
"19","50","375","71"
"20","50","70","27"
"20","50","71","26"
"19","50","376","70"
"20","50","72","25"
"20","50","73","25"
"19","50","377","71"
"20","50","74","23"
"19","50","378","71"
"20","50","75","25"
"19","50","379","71"
"20","50","76","26"
"20","50","77","26"
"19","50","380","70"
"20","50","78","26"
"19","50","381","75"
"20","50","79","24"
"20","50","80","26"
"19","50","382","74"
"20","50","81","25"
"19","50","383","76"
"20","50","82","23"
"20","50","83","23"
"19","50","384","78"
"20","50","84","23"
"19","50","385","80"
"20","50","85","24"
"19","50","386","78"
"20","50","86","25"
"19","50","387","73"
"20","50","87","24"
"19","50","388","75"
"20","50","88","22"
"19","50","389","73"
"20","50","89","23"
"19","50","390","76"
"20","50","90","23"
"19","50","391","76"
"20","50","91","24"
"19","50","392","75"
"20","50","92","25"
"19","50","393","79"
"20","50","93","24"
"19","50","394","74"
"20","50","94","25"
"19","50","395","76"
"20","50","95","24"
"19","50","396","78"
"20","50","96","27"
"19","50","397","75"
"20","50","97","27"
"19","50","398","72"
"20","50","98","26"
"19","50","399","68"
"2","10","104","0"
"20","50","99","30"
"19","50","400","68"
"20","50","100","32"
"19","50","401","71"
"20","50","101","31"
"19","50","402","67"
"20","50","102","35"
"19","50","403","66"
"20","50","103","37"
"19","50","404","64"
"20","50","104","36"
"19","50","405","61"
"19","50","406","61"
"20","50","105","37"
"19","50","407","61"
"20","50","106","37"
"19","50","408","59"
"20","50","107","40"
"19","50","409","60"
"20","50","108","42"
"19","50","410","57"
"19","50","411","56"
"20","50","109","47"
"19","50","412","53"
"20","50","110","48"
"20","50","111","55"
"19","50","413","50"
"20","50","112","61"
"19","50","414","46"
"20","50","113","63"
"19","50","415","45"
"20","50","114","65"
"19","50","416","44"
"20","50","115","70"
"19","50","417","42"
"20","50","116","74"
"20","50","117","75"
"19","50","418","42"
"20","50","118","78"
"19","50","419","44"
"20","50","119","76"
"19","50","420","43"
"20","50","120","82"
"19","50","421","42"
"20","50","121","87"
"19","50","422","34"
"20","50","122","86"
"19","50","423","35"
"20","50","123","88"
"19","50","424","36"
"19","50","425","35"
"20","50","124","96"
"19","50","426","32"
"20","50","125","101"
"19","50","427","29"
"20","50","126","106"
"19","50","428","28"
"20","50","127","111"
"20","50","128","112"
"19","50","429","31"
"20","50","129","114"
"19","50","430","28"
"20","50","130","109"
"19","50","431","27"
"19","50","432","27"
"20","50","131","113"
"19","50","433","28"
"20","50","132","108"
"19","50","434","27"
"20","50","133","109"
"19","50","435","29"
"20","50","134","113"
"19","50","436","31"
"20","50","135","118"
"19","50","437","31"
"20","50","136","117"
"20","50","137","114"
"19","50","438","31"
"19","50","439","28"
"20","50","138","116"
"19","50","440","27"
"20","50","139","118"
"19","50","441","27"
"20","50","140","114"
"19","50","442","26"
"20","50","141","112"
"19","50","443","28"
"20","50","142","111"
"19","50","444","25"
"20","50","143","114"
"19","50","445","24"
"20","50","144","110"
"19","50","446","26"
"20","50","145","103"
"19","50","447","26"
"19","50","448","26"
"20","50","146","103"
"19","50","449","24"
"20","50","147","98"
"19","50","450","23"
"20","50","148","94"
"19","50","451","26"
"20","50","149","89"
"19","50","452","26"
"20","50","150","87"
"19","50","453","26"
"20","50","151","81"
"19","50","454","29"
"20","50","152","79"
"19","50","455","29"
"20","50","153","74"
"19","50","456","26"
"2","10","105","0"
"19","50","457","25"
"20","50","154","70"
"19","50","458","23"
"20","50","155","66"
"19","50","459","23"
"20","50","156","59"
"19","50","460","26"
"20","50","157","54"
"19","50","461","30"
"20","50","158","50"
"19","50","462","31"
"19","50","463","35"
"20","50","159","47"
"19","50","464","37"
"20","50","160","46"
"19","50","465","41"
"20","50","161","42"
"19","50","466","44"
"20","50","162","38"
"19","50","467","45"
"20","50","163","37"
"19","50","468","46"
"20","50","164","33"
"19","50","469","49"
"19","50","470","51"
"20","50","165","33"
"19","50","471","51"
"19","50","472","56"
"20","50","166","30"
"19","50","473","58"
"19","50","474","59"
"20","50","167","30"
"19","50","475","63"
"20","50","168","29"
"19","50","476","65"
"20","50","169","30"
"19","50","477","67"
"20","50","170","30"
"19","50","478","75"
"20","50","171","29"
"19","50","479","77"
"20","50","172","28"
"19","50","480","84"
"20","50","173","28"
"20","50","174","29"
"19","50","481","82"
"20","50","175","28"
"19","50","482","84"
"20","50","176","27"
"20","50","177","27"
"19","50","483","88"
"20","50","178","30"
"19","50","484","86"
"20","50","179","32"
"20","50","180","32"
"19","50","485","83"
"20","50","181","31"
"20","50","182","31"
"19","50","486","83"
"20","50","183","30"
"19","50","487","87"
"20","50","184","32"
"20","50","185","30"
"19","50","488","90"
"20","50","186","29"
"19","50","489","90"
"20","50","187","25"
"19","50","490","92"
"20","50","188","28"
"19","50","491","93"
"20","50","189","29"
"19","50","492","93"
"20","50","190","26"
"20","50","191","27"
"19","50","493","96"
"20","50","192","26"
"19","50","494","92"
"20","50","193","29"
"19","50","495","94"
"20","50","194","28"
"19","50","496","94"
"20","50","195","25"
"19","50","497","97"
"20","50","196","26"
"19","50","498","99"
"20","50","197","27"
"19","50","499","99"
"20","50","198","25"
"19","50","500","100"
"21","90","0","10"
"20","50","199","23"
"21","90","1","10"
"21","90","2","10"
"20","50","200","24"
"21","90","3","11"
"21","90","4","12"
"20","50","201","24"
"21","90","5","13"
"21","90","6","15"
"20","50","202","24"
"21","90","7","15"
"20","50","203","22"
"21","90","8","15"
"20","50","204","20"
"21","90","9","15"
"21","90","10","15"
"20","50","205","22"
"21","90","11","17"
"20","50","206","22"
"21","90","12","17"
"21","90","13","18"
"20","50","207","22"
"21","90","14","20"
"21","90","15","20"
"20","50","208","21"
"21","90","16","23"
"21","90","17","24"
"2","10","106","0"
"21","90","18","26"
"20","50","209","19"
"21","90","19","28"
"20","50","210","19"
"21","90","20","30"
"21","90","21","22"
"21","90","22","24"
"20","50","211","20"
"21","90","23","25"
"21","90","24","26"
"20","50","212","22"
"21","90","25","25"
"21","90","26","28"
"20","50","213","22"
"21","90","27","29"
"21","90","28","33"
"20","50","214","22"
"21","90","29","37"
"20","50","215","22"
"21","90","30","38"
"21","90","31","40"
"21","90","32","44"
"20","50","216","22"
"21","90","33","49"
"21","90","34","55"
"20","50","217","22"
"21","90","35","58"
"21","90","36","58"
"20","50","218","22"
"21","90","37","64"
"20","50","219","24"
"21","90","38","64"
"20","50","220","27"
"21","90","39","68"
"20","50","221","31"
"21","90","40","65"
"20","50","222","31"
"21","90","41","72"
"20","50","223","33"
"21","90","42","74"
"21","90","43","76"
"20","50","224","34"
"21","90","44","79"
"21","90","45","82"
"20","50","225","34"
"21","90","46","88"
"20","50","226","37"
"21","90","47","88"
"21","90","48","84"
"20","50","227","40"
"21","90","49","83"
"21","90","50","88"
"20","50","228","44"
"21","90","51","89"
"20","50","229","44"
"21","90","52","88"
"20","50","230","46"
"21","90","53","92"
"20","50","231","49"
"21","90","54","91"
"20","50","232","52"
"21","90","55","89"
"20","50","233","50"
"21","90","56","88"
"21","90","57","91"
"20","50","234","53"
"21","90","58","86"
"20","50","235","58"
"21","90","59","85"
"20","50","236","60"
"21","90","60","83"
"20","50","237","64"
"21","90","61","82"
"20","50","238","65"
"21","90","62","78"
"20","50","239","68"
"21","90","63","76"
"21","90","64","69"
"20","50","240","71"
"21","90","65","66"
"21","90","66","64"
"20","50","241","70"
"21","90","67","62"
"20","50","242","70"
"21","90","68","60"
"20","50","243","78"
"21","90","69","60"
"20","50","244","80"
"21","90","70","54"
"21","90","71","50"
"20","50","245","84"
"21","90","72","48"
"20","50","246","87"
"21","90","73","44"
"20","50","247","88"
"21","90","74","39"
"21","90","75","37"
"20","50","248","93"
"21","90","76","30"
"20","50","249","93"
"21","90","77","28"
"21","90","78","25"
"20","50","250","97"
"21","90","79","24"
"20","50","251","101"
"21","90","80","23"
"20","50","252","107"
"21","90","81","20"
"21","90","82","20"
"20","50","253","110"
"21","90","83","18"
"2","10","107","0"
"20","50","254","112"
"21","90","84","18"
"20","50","255","118"
"21","90","85","19"
"21","90","86","20"
"20","50","256","117"
"21","90","87","17"
"20","50","257","116"
"21","90","88","16"
"21","90","89","18"
"20","50","258","120"
"21","90","90","20"
"21","90","91","22"
"20","50","259","119"
"21","90","92","19"
"20","50","260","116"
"21","90","93","20"
"21","90","94","20"
"20","50","261","115"
"21","90","95","21"
"20","50","262","113"
"21","90","96","22"
"20","50","263","108"
"21","90","97","26"
"21","90","98","26"
"20","50","264","107"
"21","90","99","26"
"20","50","265","102"
"21","90","100","30"
"21","90","101","33"
"20","50","266","100"
"21","90","102","35"
"20","50","267","96"
"21","90","103","35"
"20","50","268","92"
"21","90","104","41"
"21","90","105","40"
"20","50","269","92"
"20","50","270","89"
"21","90","106","44"
"20","50","271","85"
"21","90","107","46"
"21","90","108","49"
"20","50","272","85"
"20","50","273","80"
"21","90","109","50"
"20","50","274","80"
"21","90","110","53"
"20","50","275","73"
"21","90","111","58"
"20","50","276","69"
"20","50","277","63"
"21","90","112","60"
"20","50","278","60"
"21","90","113","68"
"20","50","279","59"
"20","50","280","56"
"21","90","114","74"
"21","90","115","82"
"20","50","281","55"
"20","50","282","54"
"21","90","116","86"
"20","50","283","51"
"21","90","117","89"
"20","50","284","53"
"21","90","118","93"
"20","50","285","51"
"21","90","119","100"
"20","50","286","49"
"21","90","120","102"
"20","50","287","49"
"20","50","288","50"
"21","90","121","106"
"20","50","289","46"
"21","90","122","106"
"20","50","290","45"
"21","90","123","110"
"20","50","291","42"
"21","90","124","113"
"21","90","125","122"
"20","50","292","40"
"21","90","126","124"
"20","50","293","37"
"21","90","127","127"
"20","50","294","33"
"21","90","128","132"
"20","50","295","33"
"21","90","129","143"
"20","50","296","29"
"21","90","130","142"
"20","50","297","29"
"21","90","131","150"
"20","50","298","30"
"21","90","132","148"
"20","50","299","29"
"21","90","133","152"
"21","90","134","154"
"20","50","300","28"
"21","90","135","151"
"20","50","301","27"
"21","90","136","153"
"21","90","137","147"
"20","50","302","26"
"21","90","138","148"
"20","50","303","24"
"21","90","139","150"
"20","50","304","24"
"21","90","140","146"
"20","50","305","22"
"21","90","141","144"
"20","50","306","21"
"20","50","307","21"
"21","90","142","138"
"20","50","308","21"
"21","90","143","142"
"20","50","309","20"
"21","90","144","140"
"20","50","310","21"
"20","50","311","19"
"21","90","145","136"
"21","90","146","128"
"20","50","312","18"
"21","90","147","129"
"20","50","313","17"
"21","90","148","116"
"20","50","314","14"
"21","90","149","111"
"20","50","315","13"
"20","50","316","15"
"21","90","150","106"
"20","50","317","15"
"21","90","151","98"
"2","10","108","0"
"20","50","318","16"
"21","90","152","91"
"20","50","319","15"
"21","90","153","82"
"20","50","320","15"
"21","90","154","76"
"20","50","321","15"
"20","50","322","17"
"21","90","155","75"
"21","90","156","67"
"20","50","323","19"
"21","90","157","64"
"20","50","324","19"
"21","90","158","62"
"20","50","325","18"
"21","90","159","54"
"20","50","326","17"
"21","90","160","48"
"20","50","327","17"
"21","90","161","45"
"20","50","328","16"
"20","50","329","17"
"21","90","162","41"
"20","50","330","16"
"20","50","331","16"
"21","90","163","41"
"21","90","164","37"
"20","50","332","18"
"21","90","165","32"
"20","50","333","18"
"21","90","166","29"
"20","50","334","18"
"21","90","167","29"
"20","50","335","19"
"21","90","168","28"
"20","50","336","17"
"21","90","169","25"
"20","50","337","17"
"21","90","170","24"
"20","50","338","18"
"20","50","339","20"
"21","90","171","21"
"20","50","340","21"
"21","90","172","20"
"20","50","341","21"
"21","90","173","19"
"20","50","342","19"
"21","90","174","22"
"20","50","343","17"
"21","90","175","20"
"20","50","344","16"
"21","90","176","20"
"21","90","177","17"
"20","50","345","17"
"21","90","178","16"
"20","50","346","17"
"21","90","179","18"
"20","50","347","18"
"21","90","180","18"
"20","50","348","19"
"21","90","181","19"
"20","50","349","20"
"21","90","182","19"
"20","50","350","19"
"21","90","183","18"
"20","50","351","20"
"21","90","184","15"
"20","50","352","20"
"21","90","185","17"
"20","50","353","20"
"21","90","186","17"
"20","50","354","21"
"21","90","187","17"
"20","50","355","22"
"20","50","356","24"
"21","90","188","19"
"21","90","189","20"
"20","50","357","25"
"21","90","190","21"
"20","50","358","27"
"21","90","191","23"
"20","50","359","28"
"20","50","360","28"
"21","90","192","23"
"20","50","361","31"
"21","90","193","27"
"20","50","362","34"
"20","50","363","37"
"21","90","194","28"
"20","50","364","40"
"21","90","195","29"
"20","50","365","42"
"21","90","196","29"
"21","90","197","31"
"20","50","366","45"
"21","90","198","36"
"21","90","199","37"
"20","50","367","48"
"21","90","200","40"
"21","90","201","41"
"20","50","368","50"
"21","90","202","46"
"20","50","369","56"
"20","50","370","53"
"21","90","203","51"
"20","50","371","57"
"21","90","204","55"
"20","50","372","57"
"21","90","205","54"
"20","50","373","60"
"2","10","109","0"
"20","50","374","64"
"21","90","206","55"
"21","90","207","60"
"20","50","375","67"
"21","90","208","69"
"21","90","209","72"
"20","50","376","70"
"20","50","377","80"
"21","90","210","79"
"21","90","211","77"
"20","50","378","84"
"21","90","212","85"
"20","50","379","93"
"21","90","213","94"
"20","50","380","101"
"20","50","381","106"
"21","90","214","102"
"21","90","215","108"
"20","50","382","106"
"21","90","216","117"
"20","50","383","107"
"21","90","217","123"
"20","50","384","105"
"21","90","218","127"
"20","50","385","108"
"21","90","219","132"
"20","50","386","108"
"21","90","220","142"
"20","50","387","110"
"21","90","221","152"
"20","50","388","109"
"20","50","389","110"
"21","90","222","156"
"20","50","390","116"
"21","90","223","160"
"21","90","224","160"
"20","50","391","125"
"21","90","225","166"
"20","50","392","122"
"21","90","226","171"
"20","50","393","128"
"21","90","227","172"
"20","50","394","129"
"21","90","228","172"
"20","50","395","123"
"21","90","229","174"
"20","50","396","128"
"21","90","230","171"
"20","50","397","121"
"21","90","231","170"
"20","50","398","112"
"21","90","232","167"
"21","90","233","166"
"20","50","399","107"
"21","90","234","154"
"20","50","400","100"
"21","90","235","146"
"20","50","401","93"
"21","90","236","145"
"20","50","402","92"
"21","90","237","141"
"20","50","403","93"
"21","90","238","135"
"20","50","404","92"
"21","90","239","126"
"20","50","405","94"
"21","90","240","118"
"20","50","406","92"
"21","90","241","107"
"20","50","407","92"
"21","90","242","100"
"20","50","408","91"
"21","90","243","94"
"2","10","110","0"
"20","50","409","90"
"21","90","244","87"
"20","50","410","81"
"21","90","245","81"
"20","50","411","76"
"21","90","246","78"
"20","50","412","73"
"21","90","247","76"
"20","50","413","68"
"21","90","248","70"
"20","50","414","64"
"21","90","249","64"
"20","50","415","65"
"21","90","250","59"
"20","50","416","59"
"21","90","251","53"
"20","50","417","56"
"21","90","252","52"
"20","50","418","55"
"21","90","253","48"
"20","50","419","57"
"21","90","254","46"
"20","50","420","53"
"21","90","255","43"
"21","90","256","38"
"20","50","421","52"
"21","90","257","38"
"20","50","422","50"
"20","50","423","53"
"21","90","258","33"
"20","50","424","51"
"21","90","259","34"
"20","50","425","49"
"21","90","260","31"
"20","50","426","43"
"20","50","427","44"
"21","90","261","31"
"20","50","428","43"
"20","50","429","40"
"21","90","262","28"
"20","50","430","37"
"20","50","431","34"
"21","90","263","25"
"21","90","264","21"
"20","50","432","36"
"21","90","265","20"
"21","90","266","19"
"20","50","433","35"
"20","50","434","34"
"21","90","267","14"
"20","50","435","33"
"21","90","268","13"
"20","50","436","35"
"21","90","269","12"
"21","90","270","12"
"20","50","437","36"
"21","90","271","11"
"21","90","272","11"
"20","50","438","37"
"21","90","273","9"
"21","90","274","6"
"20","50","439","36"
"21","90","275","4"
"20","50","440","37"
"21","90","276","4"
"21","90","277","5"
"20","50","441","39"
"21","90","278","4"
"20","50","442","37"
"21","90","279","3"
"20","50","443","34"
"20","50","444","33"
"21","90","280","3"
"20","50","445","33"
"21","90","281","3"
"20","50","446","33"
"21","90","282","3"
"21","90","283","3"
"20","50","447","32"
"21","90","284","3"
"21","90","285","3"
"20","50","448","32"
"21","90","286","3"
"20","50","449","32"
"21","90","287","3"
"20","50","450","33"
"21","90","288","4"
"20","50","451","35"
"21","90","289","3"
"21","90","290","3"
"20","50","452","37"
"21","90","291","3"
"21","90","292","3"
"20","50","453","36"
"21","90","293","3"
"21","90","294","3"
"20","50","454","36"
"21","90","295","4"
"20","50","455","37"
"21","90","296","6"
"20","50","456","35"
"20","50","457","34"
"21","90","297","5"
"21","90","298","4"
"20","50","458","34"
"21","90","299","5"
"20","50","459","35"
"21","90","300","6"
"20","50","460","33"
"20","50","461","32"
"21","90","301","6"
"20","50","462","32"
"20","50","463","33"
"21","90","302","8"
"20","50","464","35"
"20","50","465","38"
"21","90","303","10"
"20","50","466","39"
"20","50","467","41"
"21","90","304","10"
"21","90","305","11"
"20","50","468","42"
"21","90","306","12"
"21","90","307","14"
"20","50","469","42"
"20","50","470","43"
"21","90","308","15"
"20","50","471","47"
"21","90","309","19"
"2","10","111","0"
"21","90","310","22"
"20","50","472","44"
"21","90","311","27"
"20","50","473","44"
"21","90","312","30"
"20","50","474","45"
"21","90","313","33"
"20","50","475","46"
"20","50","476","48"
"21","90","314","36"
"20","50","477","50"
"21","90","315","40"
"20","50","478","60"
"21","90","316","48"
"20","50","479","62"
"21","90","317","52"
"20","50","480","63"
"21","90","318","54"
"20","50","481","67"
"21","90","319","60"
"20","50","482","68"
"21","90","320","65"
"20","50","483","67"
"21","90","321","66"
"20","50","484","67"
"21","90","322","71"
"20","50","485","65"
"21","90","323","75"
"20","50","486","65"
"21","90","324","80"
"20","50","487","62"
"21","90","325","84"
"21","90","326","89"
"20","50","488","60"
"21","90","327","91"
"21","90","328","104"
"20","50","489","63"
"21","90","329","112"
"21","90","330","110"
"20","50","490","61"
"21","90","331","120"
"20","50","491","61"
"21","90","332","124"
"21","90","333","131"
"20","50","492","62"
"21","90","334","132"
"20","50","493","69"
"21","90","335","138"
"20","50","494","70"
"21","90","336","137"
"20","50","495","71"
"21","90","337","137"
"20","50","496","73"
"21","90","338","147"
"20","50","497","76"
"21","90","339","147"
"20","50","498","67"
"21","90","340","148"
"21","90","341","158"
"20","50","499","61"
"21","90","342","163"
"20","50","500","63"
"21","90","343","161"
"21","90","344","160"
"22","90","0","10"
"22","90","1","11"
"21","90","345","166"
"22","90","2","13"
"21","90","346","170"
"22","90","3","13"
"21","90","347","169"
"22","90","4","13"
"22","90","5","13"
"22","90","6","13"
"21","90","348","162"
"22","90","7","14"
"21","90","349","158"
"22","90","8","15"
"22","90","9","16"
"21","90","350","151"
"22","90","10","17"
"22","90","11","19"
"21","90","351","148"
"22","90","12","19"
"22","90","13","21"
"21","90","352","141"
"22","90","14","24"
"22","90","15","24"
"22","90","16","27"
"22","90","17","30"
"21","90","353","134"
"22","90","18","33"
"21","90","354","129"
"22","90","19","36"
"22","90","20","38"
"21","90","355","123"
"22","90","21","28"
"22","90","22","29"
"22","90","23","29"
"21","90","356","117"
"22","90","24","30"
"22","90","25","35"
"22","90","26","41"
"21","90","357","117"
"22","90","27","44"
"22","90","28","45"
"22","90","29","49"
"21","90","358","112"
"22","90","30","49"
"22","90","31","50"
"21","90","359","106"
"22","90","32","53"
"21","90","360","101"
"22","90","33","57"
"22","90","34","61"
"21","90","361","91"
"22","90","35","63"
"21","90","362","85"
"22","90","36","66"
"21","90","363","78"
"22","90","37","70"
"21","90","364","76"
"22","90","38","74"
"22","90","39","78"
"21","90","365","65"
"22","90","40","78"
"21","90","366","59"
"22","90","41","80"
"22","90","42","84"
"21","90","367","58"
"22","90","43","85"
"21","90","368","53"
"22","90","44","90"
"22","90","45","94"
"21","90","369","51"
"22","90","46","93"
"21","90","370","49"
"22","90","47","91"
"2","10","112","0"
"22","90","48","92"
"21","90","371","44"
"22","90","49","91"
"21","90","372","40"
"22","90","50","95"
"21","90","373","39"
"22","90","51","98"
"21","90","374","37"
"22","90","52","101"
"21","90","375","38"
"22","90","53","99"
"21","90","376","38"
"22","90","54","103"
"21","90","377","37"
"22","90","55","99"
"21","90","378","33"
"22","90","56","98"
"21","90","379","26"
"22","90","57","96"
"21","90","380","25"
"22","90","58","88"
"22","90","59","83"
"21","90","381","25"
"22","90","60","76"
"21","90","382","22"
"22","90","61","78"
"21","90","383","21"
"22","90","62","77"
"21","90","384","21"
"22","90","63","77"
"21","90","385","20"
"22","90","64","73"
"21","90","386","21"
"22","90","65","70"
"21","90","387","19"
"22","90","66","65"
"21","90","388","19"
"22","90","67","62"
"21","90","389","19"
"22","90","68","60"
"21","90","390","18"
"22","90","69","55"
"21","90","391","16"
"22","90","70","53"
"21","90","392","17"
"22","90","71","47"
"22","90","72","45"
"21","90","393","18"
"21","90","394","19"
"22","90","73","40"
"21","90","395","20"
"21","90","396","20"
"22","90","74","40"
"21","90","397","20"
"22","90","75","35"
"21","90","398","20"
"21","90","399","21"
"22","90","76","31"
"22","90","77","31"
"22","90","78","31"
"21","90","400","21"
"22","90","79","33"
"21","90","401","21"
"22","90","80","33"
"21","90","402","27"
"21","90","403","32"
"22","90","81","32"
"22","90","82","28"
"21","90","404","34"
"22","90","83","26"
"22","90","84","23"
"21","90","405","37"
"22","90","85","21"
"22","90","86","21"
"21","90","406","35"
"22","90","87","19"
"22","90","88","21"
"22","90","89","22"
"21","90","407","39"
"21","90","408","41"
"22","90","90","24"
"2","10","113","0"
"21","90","409","43"
"22","90","91","24"
"21","90","410","46"
"22","90","92","22"
"22","90","93","22"
"21","90","411","49"
"22","90","94","22"
"21","90","412","52"
"22","90","95","21"
"22","90","96","22"
"21","90","413","59"
"22","90","97","21"
"21","90","414","61"
"22","90","98","24"
"22","90","99","22"
"21","90","415","65"
"22","90","100","22"
"22","90","101","25"
"21","90","416","65"
"22","90","102","26"
"22","90","103","26"
"21","90","417","71"
"22","90","104","27"
"21","90","418","79"
"22","90","105","29"
"21","90","419","85"
"21","90","420","101"
"22","90","106","31"
"21","90","421","108"
"22","90","107","35"
"21","90","422","118"
"21","90","423","122"
"22","90","108","37"
"21","90","424","128"
"22","90","109","41"
"21","90","425","131"
"21","90","426","136"
"22","90","110","42"
"21","90","427","143"
"22","90","111","44"
"21","90","428","146"
"22","90","112","46"
"21","90","429","154"
"22","90","113","48"
"21","90","430","155"
"22","90","114","48"
"21","90","431","154"
"22","90","115","52"
"22","90","116","55"
"21","90","432","164"
"22","90","117","58"
"22","90","118","60"
"21","90","433","164"
"22","90","119","61"
"22","90","120","66"
"22","90","121","65"
"21","90","434","165"
"21","90","435","167"
"22","90","122","66"
"21","90","436","167"
"22","90","123","72"
"21","90","437","164"
"22","90","124","80"
"22","90","125","85"
"21","90","438","164"
"22","90","126","89"
"21","90","439","157"
"22","90","127","94"
"21","90","440","153"
"22","90","128","100"
"21","90","441","142"
"21","90","442","147"
"22","90","129","103"
"21","90","443","130"
"22","90","130","107"
"21","90","444","123"
"22","90","131","110"
"21","90","445","119"
"22","90","132","114"
"21","90","446","114"
"22","90","133","114"
"21","90","447","111"
"22","90","134","122"
"21","90","448","108"
"22","90","135","129"
"21","90","449","105"
"22","90","136","131"
"21","90","450","94"
"22","90","137","129"
"21","90","451","94"
"22","90","138","135"
"21","90","452","86"
"22","90","139","141"
"21","90","453","80"
"22","90","140","145"
"21","90","454","77"
"21","90","455","74"
"22","90","141","149"
"22","90","142","148"
"21","90","456","69"
"22","90","143","147"
"21","90","457","67"
"22","90","144","146"
"21","90","458","66"
"22","90","145","143"
"2","10","114","0"
"22","90","146","143"
"21","90","459","61"
"21","90","460","58"
"22","90","147","138"
"22","90","148","135"
"21","90","461","53"
"22","90","149","129"
"21","90","462","51"
"22","90","150","128"
"21","90","463","45"
"22","90","151","124"
"21","90","464","46"
"22","90","152","121"
"21","90","465","45"
"22","90","153","119"
"21","90","466","41"
"22","90","154","117"
"21","90","467","39"
"22","90","155","109"
"21","90","468","36"
"21","90","469","33"
"22","90","156","107"
"21","90","470","32"
"22","90","157","102"
"21","90","471","31"
"22","90","158","95"
"21","90","472","30"
"22","90","159","91"
"21","90","473","30"
"22","90","160","84"
"21","90","474","31"
"22","90","161","72"
"21","90","475","29"
"22","90","162","73"
"21","90","476","29"
"22","90","163","70"
"21","90","477","26"
"21","90","478","26"
"22","90","164","68"
"21","90","479","23"
"22","90","165","67"
"21","90","480","22"
"22","90","166","65"
"21","90","481","21"
"22","90","167","61"
"21","90","482","22"
"22","90","168","56"
"21","90","483","21"
"22","90","169","52"
"22","90","170","49"
"21","90","484","20"
"22","90","171","44"
"21","90","485","19"
"22","90","172","41"
"21","90","486","20"
"22","90","173","41"
"21","90","487","20"
"22","90","174","37"
"21","90","488","21"
"22","90","175","36"
"21","90","489","22"
"22","90","176","32"
"21","90","490","21"
"21","90","491","22"
"22","90","177","31"
"21","90","492","22"
"22","90","178","31"
"22","90","179","32"
"21","90","493","21"
"22","90","180","30"
"22","90","181","31"
"21","90","494","23"
"22","90","182","31"
"22","90","183","29"
"21","90","495","21"
"22","90","184","28"
"21","90","496","20"
"21","90","497","19"
"22","90","185","27"
"21","90","498","19"
"22","90","186","20"
"22","90","187","20"
"21","90","499","18"
"22","90","188","19"
"21","90","500","19"
"22","90","189","18"
"23","90","0","10"
"22","90","190","19"
"23","90","1","11"
"23","90","2","13"
"22","90","191","19"
"23","90","3","15"
"23","90","4","16"
"22","90","192","20"
"23","90","5","16"
"23","90","6","17"
"22","90","193","19"
"23","90","7","18"
"22","90","194","20"
"23","90","8","21"
"23","90","9","23"
"22","90","195","21"
"23","90","10","27"
"23","90","11","27"
"22","90","196","20"
"23","90","12","30"
"22","90","197","21"
"23","90","13","31"
"22","90","198","24"
"23","90","14","37"
"23","90","15","40"
"22","90","199","29"
"23","90","16","42"
"23","90","17","44"
"22","90","200","28"
"23","90","18","47"
"22","90","201","28"
"23","90","19","51"
"23","90","20","54"
"22","90","202","28"
"23","90","21","48"
"22","90","203","26"
"23","90","22","50"
"23","90","23","51"
"2","10","115","0"
"23","90","24","52"
"22","90","204","27"
"23","90","25","53"
"22","90","205","28"
"23","90","26","56"
"23","90","27","59"
"22","90","206","30"
"23","90","28","58"
"23","90","29","59"
"22","90","207","32"
"23","90","30","56"
"23","90","31","58"
"22","90","208","34"
"23","90","32","58"
"22","90","209","34"
"23","90","33","63"
"22","90","210","36"
"23","90","34","60"
"23","90","35","59"
"22","90","211","37"
"23","90","36","57"
"23","90","37","58"
"22","90","212","41"
"23","90","38","59"
"22","90","213","46"
"23","90","39","58"
"23","90","40","59"
"22","90","214","49"
"23","90","41","56"
"23","90","42","54"
"23","90","43","52"
"22","90","215","52"
"23","90","44","51"
"22","90","216","56"
"23","90","45","51"
"23","90","46","55"
"22","90","217","56"
"23","90","47","56"
"23","90","48","56"
"22","90","218","59"
"23","90","49","57"
"22","90","219","63"
"23","90","50","56"
"23","90","51","57"
"22","90","220","67"
"23","90","52","61"
"22","90","221","75"
"23","90","53","63"
"23","90","54","63"
"22","90","222","80"
"23","90","55","61"
"22","90","223","87"
"23","90","56","64"
"23","90","57","61"
"22","90","224","95"
"23","90","58","63"
"22","90","225","102"
"23","90","59","67"
"22","90","226","111"
"23","90","60","63"
"23","90","61","65"
"22","90","227","115"
"23","90","62","65"
"22","90","228","119"
"23","90","63","66"
"22","90","229","126"
"23","90","64","65"
"23","90","65","65"
"22","90","230","135"
"23","90","66","60"
"22","90","231","143"
"23","90","67","59"
"22","90","232","148"
"23","90","68","58"
"23","90","69","60"
"22","90","233","150"
"23","90","70","60"
"22","90","234","154"
"23","90","71","58"
"22","90","235","155"
"23","90","72","57"
"22","90","236","155"
"23","90","73","53"
"22","90","237","158"
"23","90","74","49"
"22","90","238","164"
"23","90","75","47"
"23","90","76","45"
"22","90","239","165"
"23","90","77","45"
"23","90","78","46"
"22","90","240","165"
"23","90","79","46"
"22","90","241","158"
"23","90","80","42"
"22","90","242","157"
"23","90","81","39"
"22","90","243","150"
"23","90","82","38"
"22","90","244","146"
"23","90","83","38"
"22","90","245","141"
"23","90","84","37"
"22","90","246","132"
"23","90","85","37"
"22","90","247","126"
"23","90","86","40"
"23","90","87","41"
"22","90","248","121"
"23","90","88","41"
"22","90","249","119"
"23","90","89","36"
"23","90","90","35"
"23","90","91","35"
"22","90","250","107"
"23","90","92","38"
"23","90","93","38"
"22","90","251","100"
"23","90","94","40"
"23","90","95","42"
"22","90","252","94"
"23","90","96","42"
"23","90","97","43"
"22","90","253","92"
"23","90","98","43"
"22","90","254","88"
"23","90","99","45"
"22","90","255","84"
"23","90","100","44"
"22","90","256","80"
"23","90","101","49"
"22","90","257","75"
"23","90","102","52"
"22","90","258","74"
"23","90","103","56"
"22","90","259","64"
"23","90","104","60"
"22","90","260","59"
"23","90","105","65"
"22","90","261","57"
"23","90","106","71"
"22","90","262","54"
"23","90","107","72"
"22","90","263","50"
"23","90","108","76"
"22","90","264","51"
"2","10","116","0"
"23","90","109","86"
"22","90","265","49"
"23","90","110","89"
"22","90","266","48"
"23","90","111","89"
"22","90","267","46"
"23","90","112","89"
"22","90","268","45"
"22","90","269","46"
"23","90","113","90"
"22","90","270","45"
"22","90","271","46"
"23","90","114","96"
"22","90","272","44"
"23","90","115","99"
"23","90","116","99"
"22","90","273","41"
"23","90","117","98"
"22","90","274","37"
"23","90","118","103"
"23","90","119","106"
"22","90","275","35"
"23","90","120","116"
"22","90","276","36"
"23","90","121","118"
"22","90","277","33"
"23","90","122","122"
"22","90","278","34"
"23","90","123","123"
"22","90","279","34"
"23","90","124","123"
"22","90","280","34"
"23","90","125","127"
"22","90","281","31"
"23","90","126","124"
"22","90","282","29"
"23","90","127","121"
"22","90","283","30"
"23","90","128","128"
"22","90","284","30"
"23","90","129","116"
"22","90","285","26"
"23","90","130","114"
"22","90","286","25"
"23","90","131","115"
"22","90","287","26"
"23","90","132","119"
"22","90","288","26"
"22","90","289","25"
"23","90","133","121"
"22","90","290","23"
"23","90","134","122"
"22","90","291","23"
"23","90","135","117"
"22","90","292","20"
"23","90","136","119"
"22","90","293","20"
"23","90","137","121"
"22","90","294","19"
"23","90","138","123"
"22","90","295","20"
"23","90","139","120"
"22","90","296","17"
"23","90","140","117"
"22","90","297","18"
"23","90","141","107"
"22","90","298","20"
"23","90","142","103"
"22","90","299","18"
"23","90","143","100"
"22","90","300","17"
"23","90","144","94"
"22","90","301","18"
"22","90","302","20"
"23","90","145","88"
"23","90","146","85"
"22","90","303","21"
"23","90","147","81"
"22","90","304","22"
"23","90","148","78"
"22","90","305","25"
"23","90","149","75"
"22","90","306","29"
"23","90","150","74"
"22","90","307","31"
"23","90","151","71"
"22","90","308","33"
"23","90","152","68"
"22","90","309","36"
"23","90","153","71"
"22","90","310","37"
"23","90","154","66"
"22","90","311","37"
"23","90","155","62"
"22","90","312","39"
"23","90","156","60"
"22","90","313","45"
"23","90","157","55"
"22","90","314","50"
"23","90","158","49"
"22","90","315","60"
"23","90","159","47"
"22","90","316","63"
"23","90","160","45"
"22","90","317","71"
"23","90","161","45"
"22","90","318","73"
"23","90","162","42"
"22","90","319","74"
"23","90","163","42"
"22","90","320","77"
"23","90","164","40"
"22","90","321","91"
"23","90","165","38"
"22","90","322","94"
"23","90","166","36"
"22","90","323","101"
"23","90","167","37"
"22","90","324","103"
"23","90","168","36"
"22","90","325","111"
"23","90","169","38"
"22","90","326","115"
"23","90","170","41"
"22","90","327","116"
"23","90","171","41"
"22","90","328","120"
"23","90","172","38"
"22","90","329","124"
"23","90","173","36"
"22","90","330","130"
"23","90","174","34"
"22","90","331","133"
"23","90","175","32"
"22","90","332","141"
"23","90","176","32"
"22","90","333","145"
"23","90","177","31"
"22","90","334","143"
"23","90","178","31"
"22","90","335","141"
"23","90","179","31"
"22","90","336","139"
"23","90","180","33"
"22","90","337","139"
"23","90","181","33"
"22","90","338","140"
"23","90","182","34"
"22","90","339","148"
"23","90","183","36"
"22","90","340","153"
"2","10","117","0"
"23","90","184","40"
"22","90","341","154"
"23","90","185","40"
"22","90","342","148"
"23","90","186","43"
"22","90","343","149"
"23","90","187","45"
"22","90","344","144"
"23","90","188","45"
"22","90","345","141"
"23","90","189","48"
"22","90","346","134"
"23","90","190","53"
"23","90","191","50"
"22","90","347","134"
"23","90","192","50"
"22","90","348","129"
"23","90","193","55"
"22","90","349","128"
"23","90","194","58"
"22","90","350","124"
"23","90","195","60"
"22","90","351","121"
"23","90","196","68"
"22","90","352","115"
"23","90","197","72"
"22","90","353","110"
"23","90","198","77"
"22","90","354","110"
"23","90","199","84"
"22","90","355","104"
"23","90","200","89"
"22","90","356","100"
"23","90","201","89"
"22","90","357","95"
"23","90","202","92"
"23","90","203","95"
"22","90","358","93"
"23","90","204","98"
"22","90","359","86"
"23","90","205","99"
"23","90","206","102"
"22","90","360","83"
"23","90","207","102"
"22","90","361","77"
"23","90","208","103"
"23","90","209","106"
"22","90","362","72"
"23","90","210","107"
"22","90","363","68"
"23","90","211","110"
"23","90","212","116"
"22","90","364","67"
"22","90","365","63"
"23","90","213","119"
"22","90","366","59"
"23","90","214","122"
"22","90","367","57"
"23","90","215","122"
"22","90","368","54"
"22","90","369","50"
"23","90","216","127"
"22","90","370","46"
"23","90","217","124"
"22","90","371","44"
"23","90","218","128"
"22","90","372","45"
"23","90","219","129"
"22","90","373","45"
"23","90","220","124"
"22","90","374","41"
"23","90","221","128"
"22","90","375","37"
"23","90","222","132"
"23","90","223","139"
"22","90","376","38"
"23","90","224","133"
"22","90","377","36"
"23","90","225","133"
"22","90","378","34"
"23","90","226","130"
"22","90","379","30"
"23","90","227","130"
"22","90","380","26"
"23","90","228","130"
"23","90","229","130"
"22","90","381","25"
"23","90","230","129"
"22","90","382","24"
"22","90","383","23"
"23","90","231","122"
"23","90","232","118"
"22","90","384","20"
"23","90","233","111"
"22","90","385","19"
"23","90","234","112"
"23","90","235","103"
"22","90","386","19"
"23","90","236","98"
"22","90","387","21"
"23","90","237","95"
"22","90","388","19"
"23","90","238","95"
"22","90","389","20"
"23","90","239","90"
"23","90","240","92"
"22","90","390","19"
"23","90","241","81"
"23","90","242","75"
"22","90","391","20"
"22","90","392","18"
"23","90","243","66"
"22","90","393","19"
"23","90","244","62"
"22","90","394","20"
"23","90","245","61"
"22","90","395","20"
"23","90","246","59"
"22","90","396","22"
"23","90","247","57"
"22","90","397","22"
"23","90","248","51"
"22","90","398","20"
"23","90","249","48"
"22","90","399","21"
"23","90","250","45"
"22","90","400","24"
"23","90","251","41"
"22","90","401","23"
"23","90","252","41"
"23","90","253","41"
"2","10","118","0"
"22","90","402","23"
"23","90","254","40"
"23","90","255","39"
"22","90","403","25"
"22","90","404","26"
"23","90","256","35"
"22","90","405","28"
"23","90","257","35"
"22","90","406","31"
"23","90","258","33"
"22","90","407","36"
"23","90","259","30"
"22","90","408","38"
"22","90","409","42"
"23","90","260","26"
"22","90","410","44"
"23","90","261","23"
"22","90","411","46"
"23","90","262","22"
"22","90","412","47"
"23","90","263","21"
"22","90","413","50"
"23","90","264","20"
"22","90","414","55"
"23","90","265","20"
"22","90","415","62"
"23","90","266","17"
"22","90","416","65"
"23","90","267","16"
"22","90","417","65"
"23","90","268","16"
"22","90","418","75"
"23","90","269","15"
"22","90","419","81"
"23","90","270","15"
"22","90","420","91"
"23","90","271","16"
"22","90","421","100"
"23","90","272","15"
"22","90","422","102"
"23","90","273","14"
"22","90","423","107"
"23","90","274","11"
"22","90","424","110"
"23","90","275","10"
"23","90","276","9"
"22","90","425","116"
"22","90","426","120"
"23","90","277","9"
"22","90","427","118"
"23","90","278","7"
"23","90","279","5"
"22","90","428","124"
"23","90","280","4"
"22","90","429","130"
"23","90","281","4"
"23","90","282","4"
"22","90","430","137"
"23","90","283","5"
"22","90","431","138"
"23","90","284","4"
"22","90","432","144"
"23","90","285","6"
"22","90","433","147"
"23","90","286","6"
"22","90","434","151"
"23","90","287","6"
"22","90","435","154"
"23","90","288","7"
"22","90","436","154"
"23","90","289","7"
"22","90","437","158"
"23","90","290","7"
"22","90","438","159"
"23","90","291","5"
"22","90","439","155"
"23","90","292","5"
"22","90","440","155"
"23","90","293","6"
"22","90","441","142"
"23","90","294","7"
"22","90","442","141"
"23","90","295","9"
"23","90","296","9"
"22","90","443","139"
"23","90","297","11"
"23","90","298","11"
"22","90","444","140"
"23","90","299","14"
"23","90","300","14"
"22","90","445","137"
"23","90","301","14"
"22","90","446","134"
"23","90","302","15"
"22","90","447","134"
"23","90","303","16"
"22","90","448","129"
"23","90","304","19"
"23","90","305","21"
"22","90","449","118"
"2","10","119","0"
"22","90","450","113"
"23","90","306","24"
"23","90","307","26"
"22","90","451","104"
"23","90","308","29"
"22","90","452","97"
"23","90","309","29"
"22","90","453","94"
"23","90","310","31"
"22","90","454","88"
"23","90","311","36"
"23","90","312","41"
"22","90","455","75"
"23","90","313","47"
"22","90","456","71"
"23","90","314","49"
"23","90","315","54"
"22","90","457","65"
"23","90","316","58"
"22","90","458","56"
"23","90","317","62"
"22","90","459","54"
"23","90","318","69"
"23","90","319","80"
"22","90","460","49"
"23","90","320","84"
"22","90","461","46"
"23","90","321","90"
"22","90","462","41"
"23","90","322","102"
"22","90","463","40"
"22","90","464","34"
"23","90","323","105"
"22","90","465","31"
"23","90","324","113"
"22","90","466","29"
"22","90","467","25"
"23","90","325","116"
"22","90","468","25"
"22","90","469","24"
"23","90","326","126"
"22","90","470","26"
"22","90","471","25"
"23","90","327","133"
"22","90","472","26"
"23","90","328","139"
"22","90","473","26"
"23","90","329","144"
"22","90","474","26"
"23","90","330","159"
"22","90","475","27"
"23","90","331","165"
"22","90","476","27"
"23","90","332","166"
"23","90","333","166"
"22","90","477","29"
"23","90","334","169"
"22","90","478","33"
"23","90","335","178"
"22","90","479","31"
"22","90","480","32"
"23","90","336","179"
"22","90","481","32"
"23","90","337","187"
"23","90","338","188"
"22","90","482","31"
"22","90","483","32"
"23","90","339","188"
"23","90","340","183"
"22","90","484","33"
"22","90","485","34"
"23","90","341","177"
"22","90","486","36"
"23","90","342","170"
"23","90","343","166"
"22","90","487","35"
"23","90","344","161"
"22","90","488","34"
"23","90","345","158"
"22","90","489","33"
"23","90","346","158"
"22","90","490","32"
"23","90","347","149"
"22","90","491","32"
"23","90","348","147"
"22","90","492","36"
"23","90","349","137"
"22","90","493","33"
"22","90","494","33"
"23","90","350","126"
"22","90","495","33"
"23","90","351","114"
"22","90","496","34"
"23","90","352","110"
"22","90","497","32"
"23","90","353","103"
"22","90","498","31"
"23","90","354","101"
"22","90","499","34"
"23","90","355","88"
"22","90","500","36"
"23","90","356","79"
"23","90","357","71"
"24","90","0","10"
"24","90","1","10"
"23","90","358","61"
"24","90","2","10"
"23","90","359","54"
"24","90","3","11"
"24","90","4","11"
"24","90","5","13"
"23","90","360","47"
"24","90","6","16"
"24","90","7","18"
"23","90","361","43"
"24","90","8","20"
"24","90","9","21"
"23","90","362","43"
"24","90","10","24"
"24","90","11","25"
"23","90","363","41"
"24","90","12","28"
"23","90","364","40"
"24","90","13","32"
"23","90","365","39"
"24","90","14","36"
"23","90","366","32"
"24","90","15","39"
"24","90","16","41"
"23","90","367","27"
"24","90","17","43"
"24","90","18","46"
"23","90","368","23"
"24","90","19","50"
"24","90","20","55"
"23","90","369","21"
"24","90","21","50"
"23","90","370","21"
"24","90","22","52"
"23","90","371","21"
"24","90","23","53"
"23","90","372","19"
"24","90","24","60"
"24","90","25","62"
"23","90","373","17"
"24","90","26","63"
"23","90","374","15"
"24","90","27","65"
"24","90","28","66"
"23","90","375","16"
"24","90","29","71"
"23","90","376","16"
"24","90","30","70"
"23","90","377","14"
"24","90","31","74"
"23","90","378","15"
"24","90","32","78"
"24","90","33","74"
"23","90","379","14"
"24","90","34","71"
"23","90","380","15"
"24","90","35","74"
"23","90","381","16"
"24","90","36","74"
"24","90","37","75"
"23","90","382","16"
"24","90","38","74"
"2","10","120","0"
"23","90","383","13"
"24","90","39","74"
"24","90","40","71"
"23","90","384","13"
"24","90","41","71"
"23","90","385","12"
"24","90","42","72"
"23","90","386","11"
"24","90","43","74"
"23","90","387","11"
"24","90","44","72"
"24","90","45","70"
"23","90","388","11"
"24","90","46","66"
"24","90","47","64"
"23","90","389","13"
"24","90","48","68"
"23","90","390","14"
"24","90","49","67"
"24","90","50","62"
"23","90","391","14"
"24","90","51","62"
"24","90","52","61"
"23","90","392","14"
"24","90","53","59"
"24","90","54","61"
"23","90","393","15"
"24","90","55","58"
"23","90","394","16"
"24","90","56","56"
"24","90","57","53"
"23","90","395","15"
"24","90","58","52"
"23","90","396","14"
"24","90","59","51"
"23","90","397","15"
"24","90","60","52"
"23","90","398","13"
"23","90","399","13"
"24","90","61","50"
"24","90","62","46"
"23","90","400","14"
"24","90","63","43"
"23","90","401","16"
"24","90","64","39"
"23","90","402","14"
"24","90","65","36"
"23","90","403","17"
"24","90","66","37"
"24","90","67","36"
"23","90","404","20"
"24","90","68","34"
"23","90","405","27"
"24","90","69","32"
"23","90","406","29"
"24","90","70","29"
"23","90","407","32"
"24","90","71","27"
"24","90","72","24"
"23","90","408","33"
"24","90","73","23"
"23","90","409","34"
"24","90","74","24"
"23","90","410","40"
"24","90","75","21"
"24","90","76","18"
"23","90","411","45"
"24","90","77","19"
"23","90","412","47"
"24","90","78","19"
"23","90","413","53"
"24","90","79","19"
"24","90","80","18"
"23","90","414","57"
"24","90","81","14"
"23","90","415","63"
"24","90","82","14"
"23","90","416","68"
"24","90","83","14"
"23","90","417","75"
"24","90","84","16"
"24","90","85","18"
"23","90","418","76"
"24","90","86","19"
"23","90","419","82"
"24","90","87","21"
"23","90","420","89"
"24","90","88","21"
"24","90","89","21"
"23","90","421","99"
"24","90","90","23"
"23","90","422","110"
"24","90","91","25"
"23","90","423","116"
"24","90","92","27"
"23","90","424","124"
"24","90","93","30"
"24","90","94","31"
"23","90","425","128"
"24","90","95","30"
"23","90","426","132"
"24","90","96","35"
"23","90","427","146"
"24","90","97","40"
"23","90","428","152"
"24","90","98","41"
"24","90","99","48"
"23","90","429","157"
"24","90","100","49"
"23","90","430","155"
"24","90","101","50"
"23","90","431","164"
"24","90","102","55"
"23","90","432","171"
"24","90","103","60"
"23","90","433","173"
"24","90","104","66"
"23","90","434","170"
"24","90","105","67"
"24","90","106","69"
"23","90","435","170"
"24","90","107","70"
"23","90","436","174"
"24","90","108","74"
"23","90","437","172"
"24","90","109","86"
"23","90","438","179"
"24","90","110","89"
"23","90","439","182"
"24","90","111","94"
"23","90","440","176"
"24","90","112","98"
"23","90","441","170"
"24","90","113","107"
"24","90","114","107"
"23","90","442","158"
"24","90","115","115"
"23","90","443","154"
"24","90","116","122"
"23","90","444","153"
"24","90","117","124"
"23","90","445","141"
"24","90","118","128"
"23","90","446","140"
"24","90","119","127"
"23","90","447","125"
"24","90","120","135"
"24","90","121","139"
"23","90","448","111"
"24","90","122","145"
"23","90","449","107"
"24","90","123","150"
"23","90","450","102"
"24","90","124","145"
"23","90","451","98"
"24","90","125","144"
"23","90","452","85"
"24","90","126","140"
"23","90","453","78"
"23","90","454","76"
"24","90","127","145"
"23","90","455","71"
"24","90","128","151"
"23","90","456","64"
"23","90","457","59"
"24","90","129","143"
"24","90","130","133"
"23","90","458","48"
"24","90","131","135"
"23","90","459","49"
"24","90","132","131"
"23","90","460","43"
"24","90","133","127"
"23","90","461","45"
"24","90","134","122"
"23","90","462","42"
"24","90","135","117"
"2","10","121","0"
"24","90","136","108"
"23","90","463","40"
"23","90","464","32"
"24","90","137","101"
"24","90","138","98"
"23","90","465","35"
"24","90","139","94"
"23","90","466","33"
"24","90","140","85"
"23","90","467","32"
"24","90","141","74"
"23","90","468","31"
"24","90","142","73"
"23","90","469","32"
"24","90","143","63"
"23","90","470","28"
"24","90","144","57"
"23","90","471","25"
"24","90","145","53"
"23","90","472","26"
"24","90","146","54"
"23","90","473","25"
"24","90","147","51"
"23","90","474","24"
"24","90","148","40"
"23","90","475","24"
"24","90","149","38"
"24","90","150","38"
"23","90","476","23"
"24","90","151","37"
"23","90","477","23"
"24","90","152","31"
"23","90","478","23"
"24","90","153","30"
"23","90","479","22"
"24","90","154","29"
"23","90","480","17"
"24","90","155","27"
"24","90","156","27"
"23","90","481","16"
"24","90","157","24"
"23","90","482","14"
"24","90","158","24"
"23","90","483","14"
"24","90","159","22"
"23","90","484","14"
"24","90","160","24"
"23","90","485","15"
"24","90","161","25"
"23","90","486","14"
"24","90","162","23"
"23","90","487","14"
"24","90","163","23"
"23","90","488","12"
"24","90","164","23"
"23","90","489","15"
"24","90","165","24"
"23","90","490","14"
"24","90","166","26"
"23","90","491","16"
"24","90","167","24"
"23","90","492","17"
"24","90","168","23"
"23","90","493","17"
"23","90","494","18"
"24","90","169","24"
"23","90","495","19"
"24","90","170","23"
"23","90","496","19"
"23","90","497","21"
"24","90","171","22"
"23","90","498","23"
"24","90","172","22"
"23","90","499","21"
"23","90","500","23"
"24","90","173","25"
"24","90","174","23"
"25","90","0","10"
"25","90","1","10"
"24","90","175","22"
"25","90","2","12"
"25","90","3","12"
"24","90","176","23"
"25","90","4","14"
"25","90","5","16"
"24","90","177","26"
"25","90","6","18"
"25","90","7","19"
"24","90","178","25"
"25","90","8","20"
"24","90","179","26"
"25","90","9","22"
"25","90","10","23"
"24","90","180","26"
"25","90","11","25"
"25","90","12","26"
"24","90","181","23"
"25","90","13","28"
"25","90","14","29"
"24","90","182","25"
"25","90","15","30"
"24","90","183","25"
"25","90","16","35"
"25","90","17","36"
"24","90","184","29"
"25","90","18","40"
"25","90","19","43"
"24","90","185","31"
"25","90","20","45"
"24","90","186","35"
"25","90","21","40"
"25","90","22","43"
"24","90","187","35"
"25","90","23","43"
"24","90","188","36"
"25","90","24","44"
"24","90","189","40"
"25","90","25","41"
"25","90","26","43"
"24","90","190","44"
"25","90","27","44"
"24","90","191","46"
"25","90","28","47"
"25","90","29","49"
"24","90","192","50"
"25","90","30","51"
"24","90","193","52"
"25","90","31","52"
"25","90","32","52"
"24","90","194","55"
"25","90","33","53"
"2","10","122","0"
"25","90","34","53"
"24","90","195","62"
"25","90","35","57"
"24","90","196","63"
"25","90","36","56"
"25","90","37","55"
"24","90","197","68"
"25","90","38","54"
"25","90","39","55"
"24","90","198","71"
"25","90","40","53"
"25","90","41","58"
"24","90","199","75"
"25","90","42","56"
"25","90","43","55"
"24","90","200","82"
"25","90","44","57"
"25","90","45","59"
"25","90","46","58"
"24","90","201","84"
"25","90","47","56"
"24","90","202","92"
"25","90","48","53"
"25","90","49","55"
"24","90","203","99"
"25","90","50","55"
"24","90","204","103"
"25","90","51","52"
"25","90","52","51"
"24","90","205","106"
"25","90","53","48"
"25","90","54","50"
"25","90","55","49"
"25","90","56","46"
"24","90","206","106"
"25","90","57","44"
"24","90","207","110"
"25","90","58","45"
"25","90","59","43"
"24","90","208","120"
"25","90","60","43"
"24","90","209","130"
"25","90","61","42"
"25","90","62","41"
"24","90","210","135"
"25","90","63","38"
"24","90","211","149"
"25","90","64","40"
"24","90","212","157"
"25","90","65","38"
"25","90","66","35"
"24","90","213","162"
"25","90","67","33"
"24","90","214","167"
"25","90","68","31"
"25","90","69","32"
"24","90","215","164"
"25","90","70","30"
"24","90","216","163"
"25","90","71","29"
"25","90","72","28"
"25","90","73","30"
"24","90","217","165"
"25","90","74","29"
"24","90","218","164"
"25","90","75","31"
"24","90","219","169"
"25","90","76","31"
"25","90","77","31"
"24","90","220","169"
"25","90","78","32"
"24","90","221","164"
"25","90","79","33"
"24","90","222","163"
"25","90","80","32"
"25","90","81","34"
"24","90","223","154"
"25","90","82","35"
"24","90","224","151"
"25","90","83","34"
"25","90","84","33"
"24","90","225","148"
"25","90","85","32"
"24","90","226","145"
"25","90","86","34"
"24","90","227","150"
"25","90","87","37"
"25","90","88","40"
"24","90","228","136"
"25","90","89","41"
"24","90","229","126"
"25","90","90","38"
"24","90","230","121"
"25","90","91","41"
"24","90","231","107"
"25","90","92","43"
"25","90","93","41"
"24","90","232","93"
"25","90","94","41"
"24","90","233","89"
"25","90","95","40"
"24","90","234","80"
"25","90","96","40"
"25","90","97","42"
"24","90","235","72"
"25","90","98","40"
"24","90","236","70"
"25","90","99","42"
"24","90","237","66"
"25","90","100","42"
"24","90","238","58"
"25","90","101","42"
"24","90","239","54"
"25","90","102","38"
"25","90","103","42"
"24","90","240","44"
"25","90","104","43"
"24","90","241","42"
"25","90","105","49"
"24","90","242","43"
"25","90","106","53"
"24","90","243","43"
"25","90","107","59"
"24","90","244","41"
"25","90","108","56"
"24","90","245","41"
"25","90","109","56"
"25","90","110","59"
"24","90","246","35"
"25","90","111","64"
"24","90","247","30"
"25","90","112","65"
"24","90","248","25"
"25","90","113","70"
"24","90","249","26"
"25","90","114","75"
"24","90","250","23"
"25","90","115","80"
"24","90","251","20"
"25","90","116","81"
"24","90","252","21"
"25","90","117","80"
"24","90","253","21"
"25","90","118","83"
"24","90","254","19"
"25","90","119","85"
"24","90","255","19"
"25","90","120","89"
"24","90","256","20"
"25","90","121","89"
"24","90","257","20"
"25","90","122","92"
"24","90","258","21"
"25","90","123","95"
"24","90","259","22"
"25","90","124","97"
"24","90","260","21"
"25","90","125","99"
"24","90","261","23"
"24","90","262","25"
"25","90","126","101"
"24","90","263","25"
"25","90","127","104"
"24","90","264","23"
"25","90","128","102"
"24","90","265","23"
"25","90","129","106"
"24","90","266","25"
"25","90","130","111"
"24","90","267","27"
"25","90","131","112"
"24","90","268","29"
"25","90","132","109"
"2","10","123","0"
"25","90","133","110"
"24","90","269","28"
"25","90","134","108"
"24","90","270","29"
"25","90","135","109"
"24","90","271","30"
"25","90","136","109"
"24","90","272","29"
"25","90","137","115"
"24","90","273","31"
"25","90","138","120"
"24","90","274","30"
"25","90","139","119"
"24","90","275","29"
"25","90","140","116"
"24","90","276","28"
"25","90","141","112"
"24","90","277","29"
"25","90","142","115"
"24","90","278","31"
"25","90","143","112"
"24","90","279","34"
"25","90","144","110"
"25","90","145","105"
"24","90","280","38"
"25","90","146","104"
"24","90","281","39"
"25","90","147","100"
"24","90","282","39"
"25","90","148","98"
"24","90","283","41"
"25","90","149","95"
"24","90","284","46"
"25","90","150","89"
"24","90","285","52"
"25","90","151","87"
"24","90","286","53"
"25","90","152","84"
"24","90","287","54"
"25","90","153","80"
"24","90","288","57"
"24","90","289","62"
"25","90","154","79"
"24","90","290","71"
"25","90","155","79"
"24","90","291","72"
"25","90","156","79"
"24","90","292","79"
"25","90","157","75"
"24","90","293","84"
"25","90","158","65"
"24","90","294","90"
"25","90","159","60"
"24","90","295","101"
"25","90","160","57"
"24","90","296","109"
"25","90","161","59"
"24","90","297","122"
"25","90","162","58"
"24","90","298","125"
"25","90","163","58"
"24","90","299","134"
"25","90","164","54"
"24","90","300","133"
"25","90","165","54"
"24","90","301","135"
"25","90","166","49"
"24","90","302","146"
"25","90","167","46"
"24","90","303","152"
"25","90","168","44"
"24","90","304","157"
"25","90","169","41"
"24","90","305","157"
"25","90","170","42"
"24","90","306","158"
"25","90","171","38"
"24","90","307","162"
"25","90","172","37"
"24","90","308","164"
"25","90","173","37"
"24","90","309","167"
"25","90","174","36"
"25","90","175","33"
"24","90","310","167"
"25","90","176","28"
"24","90","311","169"
"25","90","177","27"
"24","90","312","172"
"25","90","178","29"
"24","90","313","171"
"25","90","179","29"
"24","90","314","169"
"25","90","180","31"
"24","90","315","164"
"25","90","181","35"
"24","90","316","155"
"25","90","182","33"
"24","90","317","145"
"25","90","183","30"
"24","90","318","138"
"25","90","184","28"
"24","90","319","135"
"25","90","185","27"
"24","90","320","125"
"25","90","186","27"
"24","90","321","127"
"25","90","187","30"
"24","90","322","119"
"25","90","188","33"
"24","90","323","107"
"25","90","189","34"
"24","90","324","100"
"25","90","190","37"
"24","90","325","94"
"25","90","191","38"
"24","90","326","90"
"25","90","192","41"
"24","90","327","82"
"25","90","193","44"
"24","90","328","79"
"25","90","194","45"
"24","90","329","73"
"25","90","195","46"
"25","90","196","48"
"24","90","330","64"
"25","90","197","47"
"24","90","331","63"
"25","90","198","48"
"24","90","332","53"
"25","90","199","48"
"24","90","333","44"
"24","90","334","43"
"25","90","200","49"
"24","90","335","42"
"25","90","201","48"
"24","90","336","37"
"24","90","337","37"
"25","90","202","49"
"24","90","338","35"
"25","90","203","55"
"24","90","339","31"
"24","90","340","30"
"25","90","204","58"
"25","90","205","63"
"24","90","341","26"
"25","90","206","71"
"24","90","342","27"
"2","10","124","0"
"24","90","343","25"
"25","90","207","72"
"24","90","344","25"
"25","90","208","78"
"25","90","209","84"
"24","90","345","22"
"25","90","210","83"
"24","90","346","21"
"25","90","211","87"
"24","90","347","19"
"25","90","212","86"
"24","90","348","17"
"24","90","349","17"
"25","90","213","90"
"25","90","214","94"
"24","90","350","17"
"25","90","215","102"
"24","90","351","14"
"24","90","352","17"
"25","90","216","105"
"24","90","353","18"
"25","90","217","111"
"24","90","354","18"
"25","90","218","114"
"24","90","355","16"
"25","90","219","121"
"24","90","356","17"
"25","90","220","121"
"24","90","357","16"
"25","90","221","124"
"24","90","358","16"
"24","90","359","16"
"25","90","222","127"
"24","90","360","15"
"25","90","223","130"
"24","90","361","15"
"25","90","224","133"
"24","90","362","16"
"25","90","225","135"
"24","90","363","16"
"25","90","226","129"
"24","90","364","14"
"25","90","227","131"
"24","90","365","15"
"25","90","228","129"
"24","90","366","18"
"25","90","229","122"
"24","90","367","19"
"25","90","230","123"
"24","90","368","19"
"25","90","231","125"
"24","90","369","16"
"25","90","232","124"
"24","90","370","16"
"25","90","233","127"
"24","90","371","20"
"25","90","234","121"
"24","90","372","19"
"25","90","235","115"
"24","90","373","18"
"25","90","236","117"
"24","90","374","16"
"25","90","237","114"
"24","90","375","16"
"25","90","238","111"
"24","90","376","18"
"25","90","239","106"
"24","90","377","20"
"25","90","240","100"
"24","90","378","25"
"25","90","241","98"
"24","90","379","27"
"25","90","242","98"
"24","90","380","30"
"25","90","243","96"
"24","90","381","34"
"25","90","244","92"
"24","90","382","38"
"24","90","383","45"
"25","90","245","88"
"25","90","246","84"
"24","90","384","55"
"25","90","247","85"
"24","90","385","60"
"25","90","248","84"
"24","90","386","69"
"25","90","249","79"
"24","90","387","75"
"24","90","388","83"
"25","90","250","81"
"24","90","389","93"
"25","90","251","74"
"24","90","390","100"
"25","90","252","70"
"24","90","391","104"
"25","90","253","70"
"25","90","254","68"
"24","90","392","110"
"25","90","255","68"
"24","90","393","119"
"25","90","256","67"
"24","90","394","128"
"25","90","257","58"
"24","90","395","135"
"25","90","258","54"
"24","90","396","149"
"25","90","259","53"
"24","90","397","159"
"25","90","260","54"
"24","90","398","163"
"25","90","261","53"
"24","90","399","172"
"25","90","262","51"
"24","90","400","178"
"25","90","263","50"
"24","90","401","185"
"25","90","264","45"
"24","90","402","188"
"25","90","265","46"
"24","90","403","190"
"25","90","266","48"
"24","90","404","191"
"25","90","267","42"
"24","90","405","190"
"25","90","268","42"
"24","90","406","186"
"2","10","125","0"
"25","90","269","42"
"24","90","407","185"
"25","90","270","42"
"24","90","408","181"
"25","90","271","42"
"24","90","409","176"
"25","90","272","40"
"24","90","410","169"
"24","90","411","165"
"25","90","273","39"
"24","90","412","161"
"25","90","274","36"
"24","90","413","153"
"25","90","275","37"
"25","90","276","36"
"24","90","414","147"
"25","90","277","37"
"24","90","415","140"
"25","90","278","36"
"24","90","416","133"
"25","90","279","37"
"24","90","417","123"
"25","90","280","41"
"24","90","418","116"
"25","90","281","41"
"25","90","282","41"
"24","90","419","105"
"24","90","420","102"
"25","90","283","40"
"24","90","421","97"
"25","90","284","41"
"25","90","285","42"
"24","90","422","85"
"24","90","423","77"
"25","90","286","43"
"24","90","424","68"
"24","90","425","61"
"25","90","287","44"
"25","90","288","43"
"24","90","426","54"
"25","90","289","43"
"25","90","290","45"
"25","90","291","45"
"24","90","427","48"
"25","90","292","46"
"24","90","428","43"
"24","90","429","41"
"25","90","293","48"
"24","90","430","38"
"25","90","294","54"
"24","90","431","36"
"25","90","295","59"
"24","90","432","33"
"25","90","296","65"
"24","90","433","33"
"25","90","297","68"
"24","90","434","30"
"25","90","298","73"
"24","90","435","26"
"25","90","299","77"
"24","90","436","23"
"25","90","300","78"
"24","90","437","23"
"24","90","438","19"
"25","90","301","78"
"24","90","439","18"
"25","90","302","78"
"24","90","440","15"
"25","90","303","77"
"24","90","441","15"
"25","90","304","79"
"24","90","442","11"
"25","90","305","83"
"24","90","443","11"
"25","90","306","88"
"24","90","444","12"
"25","90","307","90"
"24","90","445","13"
"24","90","446","12"
"25","90","308","94"
"24","90","447","11"
"25","90","309","99"
"24","90","448","12"
"25","90","310","104"
"24","90","449","12"
"24","90","450","12"
"25","90","311","112"
"24","90","451","12"
"25","90","312","116"
"24","90","452","12"
"25","90","313","123"
"24","90","453","11"
"25","90","314","130"
"24","90","454","12"
"25","90","315","119"
"24","90","455","13"
"25","90","316","121"
"24","90","456","15"
"25","90","317","117"
"24","90","457","15"
"25","90","318","120"
"24","90","458","15"
"24","90","459","15"
"25","90","319","121"
"24","90","460","15"
"25","90","320","122"
"24","90","461","13"
"25","90","321","124"
"24","90","462","15"
"25","90","322","125"
"24","90","463","15"
"25","90","323","127"
"24","90","464","16"
"25","90","324","129"
"24","90","465","16"
"25","90","325","131"
"24","90","466","15"
"25","90","326","127"
"24","90","467","15"
"25","90","327","120"
"24","90","468","17"
"25","90","328","116"
"24","90","469","20"
"25","90","329","115"
"24","90","470","23"
"25","90","330","118"
"24","90","471","24"
"25","90","331","110"
"24","90","472","31"
"2","10","126","0"
"25","90","332","101"
"24","90","473","33"
"24","90","474","41"
"25","90","333","95"
"24","90","475","43"
"25","90","334","91"
"24","90","476","42"
"24","90","477","45"
"25","90","335","86"
"24","90","478","49"
"25","90","336","81"
"24","90","479","55"
"25","90","337","77"
"24","90","480","58"
"25","90","338","78"
"24","90","481","64"
"25","90","339","75"
"24","90","482","68"
"25","90","340","76"
"24","90","483","74"
"25","90","341","69"
"24","90","484","81"
"25","90","342","68"
"24","90","485","82"
"25","90","343","65"
"24","90","486","87"
"25","90","344","68"
"24","90","487","95"
"24","90","488","110"
"25","90","345","60"
"25","90","346","60"
"24","90","489","115"
"24","90","490","120"
"25","90","347","61"
"24","90","491","125"
"25","90","348","58"
"24","90","492","131"
"25","90","349","57"
"24","90","493","132"
"25","90","350","49"
"24","90","494","140"
"25","90","351","46"
"24","90","495","140"
"25","90","352","47"
"24","90","496","148"
"25","90","353","43"
"25","90","354","43"
"24","90","497","154"
"25","90","355","42"
"24","90","498","159"
"25","90","356","38"
"24","90","499","166"
"25","90","357","38"
"24","90","500","168"
"25","90","358","38"
"26","90","0","10"
"25","90","359","38"
"26","90","1","11"
"26","90","2","12"
"25","90","360","32"
"26","90","3","12"
"26","90","4","12"
"25","90","361","32"
"26","90","5","12"
"25","90","362","30"
"26","90","6","13"
"26","90","7","14"
"25","90","363","29"
"26","90","8","17"
"26","90","9","18"
"25","90","364","26"
"26","90","10","20"
"25","90","365","26"
"26","90","11","20"
"26","90","12","20"
"25","90","366","27"
"26","90","13","23"
"26","90","14","26"
"25","90","367","25"
"26","90","15","28"
"25","90","368","27"
"26","90","16","33"
"26","90","17","38"
"25","90","369","25"
"26","90","18","43"
"26","90","19","44"
"25","90","370","24"
"26","90","20","47"
"25","90","371","25"
"26","90","21","40"
"26","90","22","39"
"25","90","372","26"
"26","90","23","44"
"25","90","373","27"
"26","90","24","49"
"26","90","25","56"
"25","90","374","29"
"26","90","26","59"
"25","90","375","29"
"26","90","27","61"
"26","90","28","64"
"26","90","29","68"
"25","90","376","33"
"26","90","30","69"
"25","90","377","38"
"26","90","31","70"
"26","90","32","73"
"25","90","378","38"
"26","90","33","77"
"25","90","379","40"
"26","90","34","74"
"25","90","380","39"
"26","90","35","77"
"26","90","36","75"
"25","90","381","41"
"26","90","37","75"
"25","90","382","41"
"26","90","38","75"
"26","90","39","78"
"25","90","383","48"
"26","90","40","79"
"25","90","384","49"
"26","90","41","77"
"25","90","385","49"
"26","90","42","81"
"25","90","386","51"
"26","90","43","83"
"26","90","44","77"
"26","90","45","73"
"25","90","387","54"
"26","90","46","69"
"25","90","388","53"
"26","90","47","75"
"26","90","48","71"
"25","90","389","54"
"26","90","49","68"
"25","90","390","63"
"26","90","50","66"
"26","90","51","65"
"25","90","391","66"
"26","90","52","67"
"25","90","392","68"
"26","90","53","66"
"26","90","54","64"
"25","90","393","74"
"26","90","55","62"
"25","90","394","76"
"26","90","56","63"
"26","90","57","62"
"25","90","395","81"
"26","90","58","60"
"25","90","396","79"
"26","90","59","58"
"25","90","397","80"
"26","90","60","55"
"26","90","61","52"
"25","90","398","84"
"26","90","62","52"
"25","90","399","84"
"26","90","63","51"
"25","90","400","85"
"26","90","64","48"
"26","90","65","47"
"25","90","401","91"
"26","90","66","49"
"25","90","402","96"
"26","90","67","46"
"26","90","68","37"
"25","90","403","98"
"26","90","69","38"
"25","90","404","94"
"26","90","70","38"
"25","90","405","100"
"26","90","71","36"
"26","90","72","35"
"25","90","406","103"
"26","90","73","35"
"26","90","74","32"
"25","90","407","112"
"26","90","75","30"
"26","90","76","28"
"25","90","408","114"
"26","90","77","27"
"26","90","78","25"
"25","90","409","114"
"2","10","127","0"
"26","90","79","24"
"25","90","410","121"
"26","90","80","22"
"25","90","411","122"
"26","90","81","23"
"26","90","82","24"
"25","90","412","128"
"26","90","83","22"
"25","90","413","131"
"26","90","84","21"
"26","90","85","23"
"26","90","86","24"
"25","90","414","131"
"26","90","87","22"
"25","90","415","137"
"25","90","416","137"
"26","90","88","24"
"26","90","89","24"
"25","90","417","138"
"26","90","90","24"
"25","90","418","136"
"26","90","91","25"
"25","90","419","135"
"26","90","92","27"
"26","90","93","26"
"25","90","420","144"
"26","90","94","24"
"25","90","421","142"
"26","90","95","23"
"26","90","96","24"
"25","90","422","139"
"26","90","97","24"
"25","90","423","136"
"26","90","98","26"
"25","90","424","137"
"26","90","99","26"
"26","90","100","27"
"25","90","425","134"
"26","90","101","26"
"25","90","426","134"
"26","90","102","30"
"25","90","427","118"
"26","90","103","33"
"26","90","104","33"
"25","90","428","120"
"26","90","105","34"
"25","90","429","116"
"26","90","106","35"
"25","90","430","113"
"26","90","107","38"
"26","90","108","40"
"26","90","109","43"
"25","90","431","108"
"26","90","110","46"
"25","90","432","101"
"26","90","111","52"
"25","90","433","97"
"26","90","112","53"
"26","90","113","55"
"25","90","434","93"
"26","90","114","59"
"25","90","435","83"
"26","90","115","64"
"25","90","436","77"
"26","90","116","66"
"25","90","437","70"
"26","90","117","70"
"25","90","438","71"
"26","90","118","71"
"25","90","439","68"
"26","90","119","78"
"25","90","440","57"
"26","90","120","85"
"25","90","441","51"
"26","90","121","90"
"25","90","442","49"
"26","90","122","99"
"25","90","443","47"
"26","90","123","96"
"25","90","444","48"
"26","90","124","107"
"26","90","125","115"
"25","90","445","50"
"26","90","126","119"
"25","90","446","48"
"25","90","447","48"
"26","90","127","128"
"25","90","448","47"
"26","90","128","131"
"25","90","449","43"
"26","90","129","139"
"25","90","450","40"
"26","90","130","147"
"25","90","451","37"
"26","90","131","151"
"25","90","452","38"
"26","90","132","154"
"25","90","453","36"
"26","90","133","155"
"25","90","454","37"
"26","90","134","155"
"25","90","455","35"
"26","90","135","165"
"25","90","456","37"
"26","90","136","165"
"25","90","457","36"
"25","90","458","34"
"26","90","137","165"
"25","90","459","34"
"26","90","138","164"
"25","90","460","36"
"26","90","139","157"
"25","90","461","35"
"26","90","140","154"
"25","90","462","39"
"26","90","141","155"
"25","90","463","39"
"26","90","142","151"
"25","90","464","37"
"26","90","143","145"
"25","90","465","36"
"26","90","144","140"
"25","90","466","33"
"26","90","145","131"
"25","90","467","34"
"26","90","146","123"
"25","90","468","34"
"26","90","147","119"
"25","90","469","34"
"26","90","148","109"
"25","90","470","38"
"26","90","149","105"
"25","90","471","38"
"26","90","150","94"
"2","10","128","0"
"25","90","472","37"
"26","90","151","78"
"25","90","473","36"
"26","90","152","75"
"26","90","153","73"
"25","90","474","38"
"26","90","154","68"
"25","90","475","38"
"26","90","155","62"
"25","90","476","37"
"26","90","156","56"
"25","90","477","38"
"26","90","157","53"
"26","90","158","51"
"25","90","478","39"
"26","90","159","48"
"25","90","479","41"
"26","90","160","44"
"26","90","161","38"
"25","90","480","41"
"25","90","481","42"
"26","90","162","35"
"25","90","482","43"
"26","90","163","35"
"25","90","483","44"
"26","90","164","35"
"25","90","484","42"
"26","90","165","34"
"25","90","485","44"
"26","90","166","31"
"25","90","486","46"
"26","90","167","35"
"26","90","168","34"
"25","90","487","48"
"25","90","488","49"
"26","90","169","32"
"25","90","489","50"
"26","90","170","32"
"25","90","490","51"
"26","90","171","34"
"26","90","172","37"
"25","90","491","56"
"26","90","173","34"
"25","90","492","59"
"26","90","174","32"
"25","90","493","63"
"25","90","494","66"
"26","90","175","33"
"25","90","495","71"
"26","90","176","34"
"25","90","496","76"
"26","90","177","30"
"25","90","497","82"
"26","90","178","32"
"25","90","498","85"
"26","90","179","34"
"26","90","180","32"
"25","90","499","87"
"26","90","181","34"
"25","90","500","90"
"26","90","182","35"
"27","90","0","10"
"26","90","183","34"
"27","90","1","10"
"27","90","2","11"
"26","90","184","33"
"27","90","3","11"
"27","90","4","11"
"26","90","185","34"
"27","90","5","13"
"26","90","186","33"
"27","90","6","14"
"27","90","7","15"
"26","90","187","32"
"27","90","8","18"
"27","90","9","19"
"26","90","188","29"
"27","90","10","20"
"26","90","189","31"
"27","90","11","20"
"27","90","12","22"
"26","90","190","32"
"27","90","13","25"
"27","90","14","29"
"26","90","191","31"
"27","90","15","31"
"26","90","192","29"
"27","90","16","33"
"27","90","17","37"
"26","90","193","26"
"27","90","18","40"
"27","90","19","43"
"26","90","194","26"
"27","90","20","53"
"27","90","21","49"
"26","90","195","27"
"27","90","22","54"
"27","90","23","55"
"26","90","196","26"
"27","90","24","58"
"26","90","197","30"
"27","90","25","61"
"27","90","26","62"
"26","90","198","33"
"27","90","27","63"
"27","90","28","64"
"26","90","199","32"
"27","90","29","66"
"27","90","30","69"
"26","90","200","31"
"27","90","31","75"
"27","90","32","76"
"26","90","201","33"
"27","90","33","76"
"26","90","202","32"
"27","90","34","80"
"27","90","35","81"
"26","90","203","37"
"27","90","36","79"
"26","90","204","37"
"27","90","37","80"
"26","90","205","42"
"27","90","38","78"
"27","90","39","80"
"26","90","206","47"
"27","90","40","77"
"26","90","207","50"
"27","90","41","71"
"26","90","208","57"
"27","90","42","69"
"27","90","43","72"
"26","90","209","60"
"27","90","44","71"
"26","90","210","65"
"27","90","45","70"
"27","90","46","70"
"26","90","211","75"
"27","90","47","71"
"26","90","212","80"
"27","90","48","71"
"26","90","213","83"
"27","90","49","70"
"27","90","50","69"
"26","90","214","92"
"27","90","51","68"
"26","90","215","92"
"27","90","52","71"
"26","90","216","109"
"27","90","53","71"
"27","90","54","64"
"26","90","217","115"
"27","90","55","62"
"27","90","56","62"
"26","90","218","117"
"27","90","57","61"
"26","90","219","124"
"27","90","58","59"
"27","90","59","58"
"26","90","220","135"
"27","90","60","57"
"27","90","61","57"
"26","90","221","136"
"27","90","62","56"
"27","90","63","55"
"26","90","222","149"
"27","90","64","52"
"26","90","223","149"
"27","90","65","50"
"26","90","224","153"
"27","90","66","49"
"26","90","225","154"
"27","90","67","47"
"2","10","129","0"
"26","90","226","152"
"27","90","68","44"
"27","90","69","43"
"26","90","227","155"
"27","90","70","39"
"27","90","71","35"
"26","90","228","157"
"27","90","72","30"
"26","90","229","155"
"27","90","73","27"
"26","90","230","155"
"27","90","74","28"
"26","90","231","155"
"27","90","75","26"
"27","90","76","26"
"26","90","232","150"
"27","90","77","28"
"26","90","233","148"
"27","90","78","30"
"26","90","234","146"
"27","90","79","28"
"27","90","80","27"
"26","90","235","145"
"27","90","81","23"
"26","90","236","138"
"27","90","82","21"
"27","90","83","21"
"26","90","237","126"
"27","90","84","21"
"26","90","238","122"
"27","90","85","20"
"27","90","86","19"
"26","90","239","116"
"27","90","87","21"
"26","90","240","110"
"27","90","88","22"
"26","90","241","106"
"27","90","89","22"
"27","90","90","23"
"26","90","242","98"
"27","90","91","23"
"26","90","243","90"
"27","90","92","24"
"26","90","244","89"
"27","90","93","25"
"26","90","245","87"
"27","90","94","26"
"26","90","246","83"
"27","90","95","25"
"27","90","96","26"
"26","90","247","77"
"27","90","97","27"
"26","90","248","70"
"27","90","98","25"
"26","90","249","66"
"27","90","99","27"
"26","90","250","65"
"27","90","100","31"
"26","90","251","52"
"27","90","101","29"
"26","90","252","50"
"27","90","102","30"
"27","90","103","31"
"26","90","253","51"
"27","90","104","31"
"26","90","254","47"
"27","90","105","32"
"26","90","255","48"
"27","90","106","32"
"26","90","256","49"
"27","90","107","36"
"26","90","257","47"
"27","90","108","36"
"26","90","258","45"
"27","90","109","38"
"26","90","259","45"
"27","90","110","37"
"26","90","260","40"
"27","90","111","41"
"26","90","261","39"
"27","90","112","44"
"27","90","113","48"
"26","90","262","35"
"27","90","114","53"
"26","90","263","36"
"27","90","115","56"
"26","90","264","37"
"27","90","116","58"
"26","90","265","36"
"27","90","117","54"
"26","90","266","37"
"27","90","118","57"
"26","90","267","37"
"27","90","119","62"
"26","90","268","37"
"27","90","120","61"
"26","90","269","35"
"27","90","121","61"
"26","90","270","35"
"27","90","122","63"
"26","90","271","34"
"27","90","123","67"
"26","90","272","35"
"27","90","124","80"
"26","90","273","35"
"27","90","125","89"
"26","90","274","33"
"27","90","126","96"
"26","90","275","31"
"27","90","127","95"
"26","90","276","25"
"27","90","128","100"
"26","90","277","23"
"27","90","129","106"
"26","90","278","24"
"27","90","130","119"
"26","90","279","22"
"27","90","131","131"
"26","90","280","22"
"27","90","132","140"
"26","90","281","22"
"27","90","133","140"
"26","90","282","22"
"27","90","134","142"
"26","90","283","24"
"27","90","135","147"
"26","90","284","20"
"27","90","136","150"
"27","90","137","156"
"26","90","285","20"
"27","90","138","157"
"26","90","286","19"
"27","90","139","155"
"26","90","287","17"
"27","90","140","158"
"26","90","288","18"
"27","90","141","159"
"26","90","289","17"
"27","90","142","158"
"26","90","290","19"
"27","90","143","162"
"26","90","291","19"
"27","90","144","154"
"26","90","292","18"
"27","90","145","151"
"26","90","293","20"
"26","90","294","21"
"27","90","146","142"
"26","90","295","25"
"27","90","147","142"
"26","90","296","27"
"27","90","148","139"
"26","90","297","29"
"27","90","149","133"
"26","90","298","30"
"27","90","150","125"
"26","90","299","31"
"27","90","151","112"
"26","90","300","33"
"27","90","152","104"
"26","90","301","38"
"27","90","153","97"
"26","90","302","37"
"27","90","154","98"
"26","90","303","37"
"27","90","155","90"
"26","90","304","42"
"27","90","156","78"
"26","90","305","49"
"27","90","157","78"
"27","90","158","70"
"26","90","306","53"
"26","90","307","64"
"27","90","159","72"
"2","10","130","0"
"27","90","160","70"
"26","90","308","69"
"27","90","161","64"
"26","90","309","80"
"26","90","310","91"
"27","90","162","60"
"26","90","311","95"
"27","90","163","60"
"26","90","312","101"
"27","90","164","55"
"26","90","313","112"
"27","90","165","52"
"26","90","314","121"
"27","90","166","47"
"26","90","315","125"
"27","90","167","44"
"26","90","316","126"
"27","90","168","44"
"26","90","317","128"
"27","90","169","45"
"26","90","318","138"
"27","90","170","44"
"27","90","171","44"
"26","90","319","151"
"27","90","172","41"
"26","90","320","157"
"27","90","173","40"
"26","90","321","165"
"27","90","174","35"
"26","90","322","168"
"27","90","175","33"
"26","90","323","175"
"27","90","176","33"
"26","90","324","179"
"27","90","177","32"
"26","90","325","175"
"27","90","178","30"
"26","90","326","175"
"27","90","179","33"
"26","90","327","169"
"27","90","180","29"
"26","90","328","163"
"27","90","181","33"
"26","90","329","167"
"27","90","182","34"
"26","90","330","159"
"27","90","183","31"
"27","90","184","29"
"26","90","331","155"
"27","90","185","30"
"26","90","332","151"
"27","90","186","28"
"26","90","333","148"
"26","90","334","135"
"27","90","187","29"
"26","90","335","134"
"27","90","188","29"
"27","90","189","27"
"26","90","336","130"
"26","90","337","129"
"27","90","190","27"
"26","90","338","125"
"27","90","191","26"
"26","90","339","116"
"27","90","192","25"
"26","90","340","105"
"27","90","193","24"
"26","90","341","96"
"27","90","194","23"
"26","90","342","88"
"27","90","195","25"
"26","90","343","83"
"27","90","196","25"
"26","90","344","78"
"27","90","197","27"
"26","90","345","76"
"27","90","198","30"
"26","90","346","76"
"27","90","199","32"
"26","90","347","73"
"27","90","200","34"
"26","90","348","70"
"27","90","201","32"
"26","90","349","65"
"27","90","202","33"
"26","90","350","55"
"27","90","203","39"
"26","90","351","55"
"27","90","204","49"
"26","90","352","54"
"27","90","205","54"
"26","90","353","54"
"27","90","206","60"
"26","90","354","56"
"27","90","207","65"
"26","90","355","53"
"27","90","208","68"
"26","90","356","49"
"27","90","209","81"
"26","90","357","50"
"26","90","358","46"
"27","90","210","85"
"26","90","359","47"
"27","90","211","95"
"26","90","360","47"
"27","90","212","99"
"26","90","361","47"
"27","90","213","109"
"26","90","362","46"
"27","90","214","109"
"26","90","363","45"
"27","90","215","113"
"26","90","364","44"
"27","90","216","116"
"26","90","365","44"
"27","90","217","124"
"26","90","366","41"
"26","90","367","38"
"27","90","218","132"
"26","90","368","38"
"27","90","219","140"
"2","10","131","0"
"26","90","369","38"
"27","90","220","142"
"27","90","221","146"
"26","90","370","38"
"26","90","371","37"
"27","90","222","146"
"26","90","372","35"
"27","90","223","145"
"27","90","224","152"
"26","90","373","32"
"27","90","225","149"
"26","90","374","29"
"27","90","226","149"
"27","90","227","148"
"26","90","375","28"
"27","90","228","145"
"26","90","376","27"
"26","90","377","27"
"27","90","229","136"
"26","90","378","27"
"27","90","230","133"
"26","90","379","30"
"27","90","231","131"
"26","90","380","26"
"27","90","232","124"
"26","90","381","24"
"27","90","233","121"
"26","90","382","22"
"27","90","234","121"
"26","90","383","25"
"27","90","235","124"
"26","90","384","26"
"27","90","236","123"
"26","90","385","24"
"27","90","237","122"
"26","90","386","23"
"27","90","238","112"
"26","90","387","27"
"27","90","239","107"
"26","90","388","33"
"27","90","240","101"
"26","90","389","35"
"26","90","390","36"
"27","90","241","94"
"27","90","242","90"
"26","90","391","37"
"27","90","243","89"
"26","90","392","38"
"27","90","244","83"
"27","90","245","74"
"26","90","393","41"
"27","90","246","70"
"26","90","394","47"
"27","90","247","66"
"26","90","395","49"
"27","90","248","63"
"26","90","396","53"
"27","90","249","68"
"26","90","397","54"
"27","90","250","66"
"26","90","398","60"
"27","90","251","68"
"26","90","399","63"
"27","90","252","61"
"26","90","400","65"
"26","90","401","72"
"27","90","253","59"
"26","90","402","79"
"27","90","254","55"
"26","90","403","90"
"27","90","255","53"
"26","90","404","95"
"27","90","256","51"
"26","90","405","97"
"27","90","257","45"
"26","90","406","103"
"27","90","258","41"
"26","90","407","105"
"27","90","259","38"
"26","90","408","111"
"27","90","260","37"
"26","90","409","105"
"27","90","261","36"
"26","90","410","113"
"27","90","262","38"
"26","90","411","122"
"27","90","263","36"
"26","90","412","126"
"27","90","264","34"
"26","90","413","127"
"27","90","265","30"
"26","90","414","131"
"27","90","266","29"
"26","90","415","135"
"27","90","267","27"
"26","90","416","133"
"27","90","268","27"
"26","90","417","136"
"27","90","269","25"
"26","90","418","138"
"27","90","270","20"
"26","90","419","138"
"27","90","271","19"
"27","90","272","16"
"26","90","420","137"
"26","90","421","142"
"27","90","273","16"
"26","90","422","139"
"27","90","274","16"
"27","90","275","14"
"26","90","423","137"
"27","90","276","13"
"26","90","424","132"
"27","90","277","14"
"26","90","425","134"
"27","90","278","12"
"26","90","426","131"
"27","90","279","12"
"26","90","427","132"
"27","90","280","13"
"26","90","428","129"
"27","90","281","16"
"26","90","429","127"
"27","90","282","14"
"26","90","430","121"
"27","90","283","11"
"26","90","431","115"
"27","90","284","11"
"26","90","432","116"
"27","90","285","11"
"26","90","433","111"
"27","90","286","13"
"26","90","434","104"
"27","90","287","14"
"26","90","435","96"
"27","90","288","12"
"26","90","436","94"
"27","90","289","14"
"26","90","437","89"
"27","90","290","14"
"26","90","438","82"
"2","10","132","0"
"27","90","291","14"
"26","90","439","82"
"27","90","292","16"
"26","90","440","80"
"27","90","293","19"
"26","90","441","73"
"27","90","294","19"
"26","90","442","69"
"27","90","295","20"
"26","90","443","63"
"27","90","296","21"
"26","90","444","63"
"26","90","445","57"
"27","90","297","20"
"27","90","298","23"
"26","90","446","55"
"27","90","299","25"
"26","90","447","55"
"27","90","300","29"
"26","90","448","50"
"27","90","301","30"
"26","90","449","51"
"27","90","302","35"
"26","90","450","50"
"27","90","303","36"
"26","90","451","52"
"27","90","304","41"
"26","90","452","45"
"27","90","305","45"
"26","90","453","44"
"27","90","306","49"
"26","90","454","44"
"27","90","307","50"
"26","90","455","45"
"27","90","308","58"
"26","90","456","45"
"27","90","309","59"
"26","90","457","45"
"27","90","310","63"
"26","90","458","47"
"27","90","311","72"
"26","90","459","45"
"27","90","312","75"
"26","90","460","39"
"27","90","313","79"
"26","90","461","38"
"27","90","314","80"
"27","90","315","82"
"26","90","462","37"
"26","90","463","34"
"27","90","316","87"
"26","90","464","33"
"26","90","465","33"
"27","90","317","94"
"26","90","466","32"
"27","90","318","112"
"26","90","467","30"
"27","90","319","118"
"26","90","468","26"
"26","90","469","27"
"27","90","320","119"
"26","90","470","24"
"27","90","321","125"
"27","90","322","122"
"26","90","471","24"
"27","90","323","127"
"26","90","472","23"
"26","90","473","24"
"27","90","324","133"
"26","90","474","21"
"26","90","475","19"
"26","90","476","19"
"27","90","325","132"
"27","90","326","135"
"26","90","477","19"
"27","90","327","142"
"26","90","478","16"
"27","90","328","145"
"26","90","479","18"
"27","90","329","144"
"26","90","480","20"
"27","90","330","148"
"26","90","481","20"
"27","90","331","145"
"26","90","482","22"
"27","90","332","147"
"26","90","483","24"
"27","90","333","150"
"26","90","484","24"
"27","90","334","153"
"26","90","485","21"
"26","90","486","22"
"27","90","335","157"
"26","90","487","22"
"27","90","336","151"
"26","90","488","20"
"27","90","337","148"
"26","90","489","21"
"27","90","338","142"
"26","90","490","19"
"27","90","339","129"
"26","90","491","21"
"27","90","340","128"
"26","90","492","20"
"27","90","341","125"
"26","90","493","25"
"27","90","342","122"
"26","90","494","32"
"26","90","495","36"
"27","90","343","123"
"26","90","496","37"
"27","90","344","121"
"26","90","497","40"
"27","90","345","119"
"26","90","498","44"
"27","90","346","114"
"26","90","499","46"
"27","90","347","105"
"26","90","500","44"
"27","90","348","103"
"27","90","349","97"
"28","90","0","10"
"28","90","1","10"
"27","90","350","91"
"28","90","2","13"
"28","90","3","14"
"27","90","351","86"
"28","90","4","16"
"28","90","5","17"
"27","90","352","86"
"28","90","6","18"
"27","90","353","77"
"28","90","7","18"
"28","90","8","20"
"27","90","354","74"
"28","90","9","23"
"2","10","133","0"
"28","90","10","25"
"27","90","355","62"
"28","90","11","28"
"28","90","12","32"
"27","90","356","61"
"28","90","13","38"
"28","90","14","41"
"27","90","357","59"
"28","90","15","41"
"28","90","16","41"
"27","90","358","61"
"28","90","17","43"
"28","90","18","43"
"27","90","359","61"
"28","90","19","47"
"28","90","20","52"
"27","90","360","59"
"28","90","21","45"
"27","90","361","57"
"28","90","22","46"
"28","90","23","49"
"27","90","362","54"
"28","90","24","47"
"28","90","25","52"
"27","90","363","52"
"28","90","26","55"
"28","90","27","59"
"27","90","364","44"
"28","90","28","62"
"27","90","365","42"
"28","90","29","63"
"27","90","366","38"
"28","90","30","61"
"28","90","31","62"
"28","90","32","60"
"27","90","367","38"
"28","90","33","59"
"28","90","34","57"
"27","90","368","37"
"28","90","35","58"
"27","90","369","37"
"28","90","36","58"
"28","90","37","60"
"27","90","370","38"
"28","90","38","65"
"28","90","39","65"
"27","90","371","38"
"27","90","372","37"
"28","90","40","62"
"27","90","373","36"
"28","90","41","59"
"27","90","374","33"
"28","90","42","61"
"27","90","375","32"
"28","90","43","61"
"27","90","376","33"
"28","90","44","58"
"28","90","45","56"
"27","90","377","34"
"28","90","46","53"
"27","90","378","32"
"28","90","47","52"
"27","90","379","26"
"28","90","48","51"
"27","90","380","25"
"28","90","49","49"
"27","90","381","23"
"28","90","50","49"
"28","90","51","49"
"28","90","52","48"
"27","90","382","20"
"28","90","53","44"
"28","90","54","43"
"27","90","383","20"
"28","90","55","44"
"28","90","56","45"
"27","90","384","22"
"28","90","57","44"
"28","90","58","40"
"27","90","385","22"
"28","90","59","37"
"28","90","60","38"
"27","90","386","22"
"28","90","61","39"
"28","90","62","38"
"28","90","63","36"
"27","90","387","20"
"28","90","64","35"
"27","90","388","19"
"28","90","65","36"
"28","90","66","34"
"27","90","389","16"
"28","90","67","37"
"27","90","390","15"
"28","90","68","36"
"27","90","391","16"
"28","90","69","35"
"27","90","392","18"
"28","90","70","32"
"27","90","393","16"
"28","90","71","33"
"27","90","394","17"
"28","90","72","32"
"27","90","395","17"
"28","90","73","32"
"27","90","396","20"
"28","90","74","34"
"27","90","397","21"
"28","90","75","32"
"27","90","398","21"
"28","90","76","31"
"27","90","399","23"
"28","90","77","31"
"27","90","400","22"
"28","90","78","33"
"27","90","401","25"
"28","90","79","37"
"27","90","402","26"
"28","90","80","35"
"27","90","403","28"
"28","90","81","33"
"2","10","134","0"
"27","90","404","29"
"28","90","82","36"
"27","90","405","27"
"28","90","83","36"
"28","90","84","38"
"27","90","406","28"
"28","90","85","38"
"27","90","407","31"
"28","90","86","38"
"27","90","408","35"
"28","90","87","41"
"28","90","88","38"
"27","90","409","37"
"28","90","89","38"
"27","90","410","43"
"28","90","90","38"
"27","90","411","42"
"28","90","91","38"
"28","90","92","37"
"27","90","412","45"
"28","90","93","35"
"27","90","413","53"
"28","90","94","35"
"27","90","414","59"
"28","90","95","33"
"27","90","415","64"
"28","90","96","33"
"28","90","97","33"
"27","90","416","72"
"28","90","98","32"
"27","90","417","75"
"28","90","99","31"
"28","90","100","30"
"27","90","418","83"
"28","90","101","33"
"27","90","419","92"
"28","90","102","37"
"28","90","103","38"
"27","90","420","102"
"28","90","104","38"
"27","90","421","109"
"28","90","105","40"
"28","90","106","40"
"27","90","422","112"
"28","90","107","40"
"27","90","423","124"
"28","90","108","39"
"27","90","424","130"
"28","90","109","46"
"27","90","425","141"
"28","90","110","48"
"27","90","426","151"
"28","90","111","51"
"27","90","427","156"
"28","90","112","53"
"28","90","113","61"
"27","90","428","161"
"28","90","114","62"
"28","90","115","64"
"27","90","429","165"
"28","90","116","71"
"27","90","430","171"
"28","90","117","78"
"27","90","431","177"
"28","90","118","84"
"27","90","432","181"
"28","90","119","90"
"28","90","120","94"
"27","90","433","174"
"28","90","121","100"
"28","90","122","100"
"27","90","434","174"
"28","90","123","100"
"27","90","435","170"
"28","90","124","103"
"27","90","436","174"
"28","90","125","107"
"27","90","437","170"
"28","90","126","110"
"27","90","438","166"
"28","90","127","113"
"27","90","439","158"
"28","90","128","116"
"27","90","440","147"
"28","90","129","119"
"27","90","441","142"
"28","90","130","120"
"28","90","131","121"
"27","90","442","136"
"28","90","132","122"
"27","90","443","133"
"28","90","133","121"
"28","90","134","126"
"27","90","444","125"
"28","90","135","129"
"28","90","136","124"
"27","90","445","121"
"28","90","137","128"
"27","90","446","111"
"28","90","138","126"
"28","90","139","118"
"27","90","447","108"
"28","90","140","112"
"27","90","448","109"
"28","90","141","109"
"27","90","449","104"
"28","90","142","104"
"27","90","450","100"
"2","10","135","0"
"28","90","143","103"
"27","90","451","98"
"28","90","144","104"
"28","90","145","102"
"27","90","452","88"
"28","90","146","98"
"27","90","453","83"
"28","90","147","97"
"27","90","454","83"
"28","90","148","101"
"27","90","455","78"
"28","90","149","97"
"27","90","456","71"
"28","90","150","92"
"27","90","457","69"
"28","90","151","91"
"27","90","458","68"
"28","90","152","89"
"27","90","459","69"
"28","90","153","85"
"27","90","460","68"
"28","90","154","83"
"27","90","461","64"
"28","90","155","77"
"27","90","462","64"
"28","90","156","78"
"27","90","463","63"
"28","90","157","73"
"27","90","464","63"
"28","90","158","67"
"27","90","465","61"
"28","90","159","68"
"27","90","466","58"
"28","90","160","73"
"27","90","467","53"
"28","90","161","72"
"27","90","468","48"
"28","90","162","69"
"27","90","469","44"
"28","90","163","68"
"27","90","470","41"
"28","90","164","62"
"27","90","471","39"
"28","90","165","58"
"27","90","472","39"
"28","90","166","55"
"27","90","473","41"
"28","90","167","52"
"27","90","474","41"
"28","90","168","47"
"27","90","475","41"
"28","90","169","45"
"27","90","476","40"
"28","90","170","47"
"27","90","477","39"
"27","90","478","38"
"28","90","171","44"
"27","90","479","35"
"28","90","172","43"
"27","90","480","32"
"28","90","173","42"
"27","90","481","31"
"28","90","174","38"
"27","90","482","33"
"28","90","175","39"
"27","90","483","32"
"28","90","176","41"
"27","90","484","29"
"28","90","177","43"
"27","90","485","28"
"28","90","178","46"
"27","90","486","27"
"28","90","179","44"
"28","90","180","42"
"27","90","487","27"
"28","90","181","39"
"27","90","488","27"
"27","90","489","27"
"28","90","182","41"
"27","90","490","28"
"28","90","183","42"
"27","90","491","27"
"28","90","184","43"
"27","90","492","26"
"28","90","185","48"
"27","90","493","23"
"28","90","186","49"
"27","90","494","21"
"28","90","187","51"
"27","90","495","20"
"28","90","188","56"
"27","90","496","20"
"28","90","189","61"
"27","90","497","20"
"28","90","190","61"
"27","90","498","22"
"28","90","191","61"
"27","90","499","25"
"27","90","500","28"
"28","90","192","65"
"29","90","0","10"
"29","90","1","13"
"28","90","193","66"
"29","90","2","14"
"28","90","194","67"
"29","90","3","17"
"29","90","4","20"
"28","90","195","65"
"29","90","5","21"
"29","90","6","21"
"28","90","196","70"
"29","90","7","24"
"29","90","8","26"
"29","90","9","31"
"29","90","10","35"
"28","90","197","68"
"29","90","11","35"
"29","90","12","36"
"29","90","13","37"
"29","90","14","39"
"28","90","198","67"
"29","90","15","39"
"28","90","199","68"
"29","90","16","41"
"29","90","17","45"
"28","90","200","73"
"29","90","18","48"
"29","90","19","52"
"28","90","201","77"
"29","90","20","54"
"29","90","21","48"
"28","90","202","77"
"29","90","22","49"
"28","90","203","78"
"29","90","23","51"
"29","90","24","51"
"28","90","204","89"
"29","90","25","48"
"29","90","26","53"
"28","90","205","91"
"29","90","27","56"
"29","90","28","55"
"28","90","206","90"
"29","90","29","53"
"28","90","207","88"
"29","90","30","51"
"29","90","31","50"
"28","90","208","91"
"29","90","32","51"
"29","90","33","51"
"29","90","34","50"
"28","90","209","94"
"29","90","35","55"
"29","90","36","56"
"28","90","210","87"
"29","90","37","60"
"28","90","211","85"
"29","90","38","58"
"2","10","136","0"
"29","90","39","55"
"28","90","212","90"
"29","90","40","56"
"29","90","41","55"
"28","90","213","89"
"29","90","42","51"
"28","90","214","89"
"29","90","43","50"
"28","90","215","92"
"29","90","44","50"
"29","90","45","52"
"28","90","216","91"
"29","90","46","52"
"29","90","47","50"
"28","90","217","92"
"29","90","48","48"
"28","90","218","96"
"29","90","49","44"
"29","90","50","48"
"28","90","219","95"
"29","90","51","48"
"29","90","52","49"
"28","90","220","97"
"29","90","53","49"
"28","90","221","102"
"29","90","54","48"
"29","90","55","45"
"28","90","222","98"
"29","90","56","43"
"29","90","57","39"
"28","90","223","104"
"29","90","58","38"
"28","90","224","100"
"29","90","59","40"
"29","90","60","40"
"28","90","225","92"
"29","90","61","39"
"28","90","226","96"
"29","90","62","38"
"29","90","63","36"
"28","90","227","99"
"29","90","64","35"
"28","90","228","97"
"29","90","65","32"
"29","90","66","30"
"28","90","229","98"
"29","90","67","30"
"28","90","230","99"
"29","90","68","29"
"29","90","69","29"
"28","90","231","98"
"29","90","70","29"
"28","90","232","100"
"29","90","71","28"
"29","90","72","30"
"28","90","233","98"
"29","90","73","29"
"29","90","74","28"
"29","90","75","29"
"28","90","234","100"
"29","90","76","30"
"28","90","235","103"
"29","90","77","30"
"29","90","78","31"
"28","90","236","101"
"29","90","79","28"
"28","90","237","100"
"29","90","80","30"
"28","90","238","100"
"29","90","81","29"
"29","90","82","28"
"28","90","239","98"
"29","90","83","25"
"28","90","240","95"
"29","90","84","24"
"29","90","85","24"
"28","90","241","92"
"29","90","86","25"
"29","90","87","25"
"28","90","242","89"
"29","90","88","26"
"28","90","243","89"
"29","90","89","29"
"29","90","90","27"
"28","90","244","86"
"29","90","91","26"
"28","90","245","86"
"29","90","92","24"
"29","90","93","26"
"28","90","246","83"
"29","90","94","27"
"28","90","247","84"
"29","90","95","28"
"28","90","248","83"
"29","90","96","27"
"28","90","249","81"
"29","90","97","28"
"28","90","250","77"
"29","90","98","27"
"28","90","251","75"
"29","90","99","29"
"28","90","252","75"
"29","90","100","29"
"29","90","101","27"
"28","90","253","72"
"29","90","102","31"
"28","90","254","71"
"29","90","103","34"
"28","90","255","66"
"29","90","104","36"
"28","90","256","63"
"29","90","105","40"
"29","90","106","41"
"28","90","257","65"
"29","90","107","41"
"28","90","258","62"
"29","90","108","45"
"28","90","259","65"
"29","90","109","44"
"28","90","260","68"
"29","90","110","44"
"29","90","111","46"
"28","90","261","65"
"29","90","112","45"
"28","90","262","67"
"29","90","113","52"
"28","90","263","64"
"29","90","114","48"
"28","90","264","61"
"29","90","115","52"
"29","90","116","53"
"28","90","265","64"
"29","90","117","53"
"28","90","266","64"
"29","90","118","57"
"28","90","267","62"
"29","90","119","59"
"28","90","268","61"
"29","90","120","64"
"28","90","269","57"
"29","90","121","65"
"29","90","122","67"
"28","90","270","56"
"29","90","123","69"
"28","90","271","55"
"29","90","124","72"
"28","90","272","53"
"29","90","125","76"
"28","90","273","52"
"29","90","126","77"
"29","90","127","81"
"28","90","274","52"
"29","90","128","80"
"28","90","275","54"
"29","90","129","81"
"28","90","276","57"
"29","90","130","83"
"28","90","277","56"
"29","90","131","85"
"28","90","278","54"
"2","10","137","0"
"29","90","132","89"
"28","90","279","54"
"29","90","133","92"
"28","90","280","50"
"29","90","134","89"
"28","90","281","51"
"29","90","135","88"
"28","90","282","50"
"29","90","136","91"
"28","90","283","49"
"28","90","284","53"
"29","90","137","96"
"29","90","138","96"
"28","90","285","52"
"28","90","286","52"
"29","90","139","93"
"28","90","287","50"
"29","90","140","96"
"28","90","288","51"
"29","90","141","97"
"28","90","289","54"
"28","90","290","57"
"29","90","142","95"
"28","90","291","56"
"29","90","143","91"
"28","90","292","61"
"29","90","144","92"
"28","90","293","70"
"29","90","145","89"
"29","90","146","91"
"28","90","294","70"
"29","90","147","93"
"28","90","295","74"
"29","90","148","91"
"28","90","296","74"
"29","90","149","96"
"28","90","297","80"
"29","90","150","95"
"28","90","298","84"
"29","90","151","93"
"28","90","299","85"
"29","90","152","92"
"28","90","300","88"
"29","90","153","91"
"28","90","301","88"
"29","90","154","91"
"28","90","302","94"
"29","90","155","96"
"28","90","303","92"
"28","90","304","99"
"29","90","156","99"
"28","90","305","97"
"29","90","157","96"
"28","90","306","99"
"29","90","158","93"
"29","90","159","92"
"28","90","307","96"
"29","90","160","85"
"28","90","308","98"
"29","90","161","87"
"29","90","162","84"
"28","90","309","99"
"28","90","310","100"
"29","90","163","86"
"28","90","311","101"
"29","90","164","85"
"29","90","165","83"
"28","90","312","100"
"29","90","166","83"
"28","90","313","96"
"29","90","167","79"
"28","90","314","98"
"29","90","168","76"
"28","90","315","100"
"29","90","169","75"
"28","90","316","96"
"28","90","317","96"
"29","90","170","67"
"28","90","318","91"
"29","90","171","66"
"28","90","319","93"
"29","90","172","66"
"28","90","320","92"
"29","90","173","65"
"28","90","321","93"
"29","90","174","61"
"28","90","322","94"
"29","90","175","59"
"28","90","323","92"
"29","90","176","59"
"28","90","324","90"
"29","90","177","56"
"28","90","325","86"
"29","90","178","58"
"28","90","326","85"
"29","90","179","57"
"28","90","327","86"
"29","90","180","58"
"28","90","328","91"
"29","90","181","56"
"28","90","329","90"
"29","90","182","54"
"28","90","330","87"
"29","90","183","53"
"28","90","331","87"
"29","90","184","53"
"28","90","332","87"
"29","90","185","49"
"28","90","333","89"
"29","90","186","45"
"28","90","334","86"
"29","90","187","46"
"28","90","335","80"
"29","90","188","46"
"28","90","336","81"
"29","90","189","47"
"28","90","337","85"
"29","90","190","51"
"28","90","338","81"
"29","90","191","53"
"29","90","192","54"
"28","90","339","81"
"29","90","193","56"
"28","90","340","77"
"28","90","341","76"
"29","90","194","56"
"28","90","342","81"
"29","90","195","55"
"28","90","343","76"
"29","90","196","49"
"28","90","344","75"
"29","90","197","50"
"28","90","345","76"
"29","90","198","48"
"28","90","346","76"
"29","90","199","49"
"28","90","347","76"
"29","90","200","55"
"28","90","348","74"
"29","90","201","57"
"28","90","349","68"
"29","90","202","56"
"28","90","350","70"
"29","90","203","56"
"29","90","204","61"
"28","90","351","66"
"29","90","205","61"
"28","90","352","69"
"2","10","138","0"
"28","90","353","62"
"29","90","206","65"
"28","90","354","63"
"29","90","207","70"
"28","90","355","63"
"28","90","356","62"
"29","90","208","70"
"28","90","357","60"
"29","90","209","73"
"28","90","358","55"
"29","90","210","73"
"28","90","359","57"
"28","90","360","59"
"29","90","211","74"
"28","90","361","58"
"29","90","212","74"
"28","90","362","52"
"29","90","213","76"
"28","90","363","49"
"29","90","214","72"
"28","90","364","52"
"29","90","215","73"
"28","90","365","53"
"29","90","216","75"
"28","90","366","52"
"29","90","217","76"
"28","90","367","52"
"29","90","218","77"
"28","90","368","49"
"29","90","219","76"
"28","90","369","52"
"29","90","220","73"
"28","90","370","54"
"29","90","221","75"
"28","90","371","53"
"29","90","222","75"
"28","90","372","52"
"29","90","223","74"
"28","90","373","55"
"29","90","224","76"
"28","90","374","58"
"29","90","225","77"
"28","90","375","60"
"29","90","226","74"
"28","90","376","61"
"28","90","377","66"
"29","90","227","73"
"29","90","228","79"
"28","90","378","70"
"29","90","229","82"
"28","90","379","72"
"29","90","230","82"
"28","90","380","71"
"28","90","381","74"
"29","90","231","82"
"28","90","382","73"
"29","90","232","85"
"28","90","383","75"
"29","90","233","88"
"29","90","234","91"
"28","90","384","82"
"29","90","235","94"
"28","90","385","83"
"29","90","236","96"
"28","90","386","83"
"29","90","237","98"
"28","90","387","83"
"29","90","238","103"
"28","90","388","85"
"28","90","389","83"
"29","90","239","102"
"28","90","390","83"
"29","90","240","100"
"28","90","391","81"
"29","90","241","100"
"28","90","392","82"
"29","90","242","99"
"29","90","243","106"
"28","90","393","86"
"29","90","244","107"
"28","90","394","87"
"29","90","245","107"
"28","90","395","88"
"29","90","246","114"
"28","90","396","82"
"29","90","247","114"
"28","90","397","82"
"29","90","248","112"
"29","90","249","101"
"28","90","398","79"
"29","90","250","107"
"28","90","399","77"
"29","90","251","108"
"28","90","400","81"
"29","90","252","108"
"28","90","401","80"
"29","90","253","104"
"28","90","402","81"
"29","90","254","102"
"28","90","403","82"
"29","90","255","95"
"28","90","404","81"
"29","90","256","103"
"28","90","405","77"
"29","90","257","100"
"28","90","406","76"
"29","90","258","99"
"28","90","407","76"
"29","90","259","93"
"28","90","408","80"
"28","90","409","84"
"29","90","260","94"
"28","90","410","84"
"29","90","261","91"
"29","90","262","88"
"28","90","411","86"
"29","90","263","82"
"28","90","412","90"
"28","90","413","87"
"29","90","264","81"
"28","90","414","81"
"29","90","265","82"
"28","90","415","78"
"29","90","266","77"
"29","90","267","71"
"28","90","416","79"
"29","90","268","67"
"29","90","269","70"
"28","90","417","82"
"29","90","270","68"
"29","90","271","61"
"28","90","418","84"
"29","90","272","56"
"29","90","273","56"
"28","90","419","88"
"29","90","274","50"
"28","90","420","83"
"29","90","275","49"
"28","90","421","78"
"29","90","276","46"
"28","90","422","78"
"29","90","277","45"
"2","10","139","0"
"29","90","278","41"
"28","90","423","80"
"29","90","279","38"
"28","90","424","79"
"29","90","280","40"
"28","90","425","77"
"29","90","281","39"
"28","90","426","78"
"29","90","282","39"
"28","90","427","83"
"29","90","283","43"
"28","90","428","78"
"29","90","284","42"
"29","90","285","39"
"28","90","429","75"
"29","90","286","34"
"29","90","287","33"
"28","90","430","78"
"29","90","288","32"
"28","90","431","80"
"29","90","289","31"
"28","90","432","81"
"29","90","290","28"
"28","90","433","78"
"29","90","291","29"
"28","90","434","81"
"29","90","292","31"
"28","90","435","81"
"29","90","293","29"
"28","90","436","80"
"29","90","294","31"
"28","90","437","79"
"29","90","295","34"
"28","90","438","81"
"29","90","296","33"
"28","90","439","81"
"29","90","297","33"
"28","90","440","82"
"29","90","298","31"
"28","90","441","79"
"29","90","299","37"
"28","90","442","76"
"29","90","300","39"
"28","90","443","72"
"29","90","301","46"
"28","90","444","70"
"29","90","302","47"
"28","90","445","71"
"29","90","303","45"
"28","90","446","70"
"29","90","304","46"
"28","90","447","67"
"29","90","305","49"
"28","90","448","62"
"29","90","306","47"
"28","90","449","63"
"29","90","307","52"
"28","90","450","61"
"29","90","308","57"
"28","90","451","57"
"29","90","309","60"
"28","90","452","55"
"29","90","310","63"
"28","90","453","56"
"29","90","311","68"
"28","90","454","54"
"29","90","312","66"
"28","90","455","54"
"29","90","313","70"
"28","90","456","56"
"29","90","314","72"
"28","90","457","53"
"29","90","315","75"
"28","90","458","52"
"29","90","316","77"
"28","90","459","48"
"29","90","317","81"
"29","90","318","82"
"28","90","460","49"
"29","90","319","83"
"28","90","461","52"
"29","90","320","83"
"28","90","462","53"
"29","90","321","84"
"28","90","463","53"
"29","90","322","85"
"28","90","464","56"
"29","90","323","88"
"28","90","465","54"
"29","90","324","94"
"28","90","466","55"
"28","90","467","60"
"29","90","325","99"
"28","90","468","60"
"29","90","326","103"
"28","90","469","61"
"29","90","327","103"
"2","10","140","0"
"28","90","470","62"
"28","90","471","64"
"29","90","328","108"
"28","90","472","64"
"29","90","329","110"
"28","90","473","66"
"29","90","330","114"
"28","90","474","68"
"29","90","331","117"
"28","90","475","66"
"29","90","332","115"
"28","90","476","70"
"29","90","333","117"
"28","90","477","74"
"29","90","334","122"
"28","90","478","77"
"28","90","479","77"
"29","90","335","125"
"28","90","480","77"
"29","90","336","131"
"28","90","481","76"
"29","90","337","132"
"28","90","482","76"
"29","90","338","132"
"28","90","483","82"
"29","90","339","130"
"28","90","484","81"
"28","90","485","83"
"29","90","340","126"
"28","90","486","83"
"29","90","341","127"
"28","90","487","81"
"29","90","342","125"
"29","90","343","123"
"28","90","488","80"
"29","90","344","117"
"28","90","489","82"
"28","90","490","80"
"29","90","345","120"
"28","90","491","82"
"29","90","346","117"
"29","90","347","117"
"28","90","492","83"
"29","90","348","113"
"28","90","493","80"
"29","90","349","108"
"28","90","494","80"
"29","90","350","109"
"28","90","495","78"
"29","90","351","100"
"28","90","496","77"
"29","90","352","98"
"28","90","497","71"
"28","90","498","71"
"29","90","353","98"
"28","90","499","71"
"29","90","354","95"
"28","90","500","70"
"29","90","355","88"
"30","90","0","10"
"29","90","356","83"
"30","90","1","12"
"29","90","357","79"
"30","90","2","13"
"30","90","3","13"
"29","90","358","77"
"30","90","4","18"
"30","90","5","19"
"29","90","359","75"
"30","90","6","19"
"30","90","7","20"
"30","90","8","24"
"29","90","360","74"
"30","90","9","24"
"30","90","10","24"
"29","90","361","75"
"30","90","11","25"
"30","90","12","25"
"29","90","362","71"
"30","90","13","25"
"29","90","363","68"
"30","90","14","27"
"30","90","15","31"
"29","90","364","69"
"30","90","16","35"
"30","90","17","37"
"29","90","365","66"
"30","90","18","38"
"29","90","366","58"
"30","90","19","40"
"30","90","20","41"
"29","90","367","56"
"30","90","21","31"
"30","90","22","32"
"29","90","368","56"
"30","90","23","32"
"29","90","369","50"
"30","90","24","33"
"30","90","25","31"
"29","90","370","45"
"30","90","26","34"
"29","90","371","47"
"30","90","27","38"
"30","90","28","37"
"29","90","372","47"
"30","90","29","35"
"29","90","373","45"
"30","90","30","37"
"30","90","31","39"
"29","90","374","42"
"30","90","32","42"
"30","90","33","45"
"29","90","375","41"
"30","90","34","47"
"30","90","35","53"
"29","90","376","43"
"30","90","36","53"
"29","90","377","40"
"30","90","37","53"
"30","90","38","55"
"29","90","378","39"
"30","90","39","56"
"30","90","40","57"
"29","90","379","36"
"30","90","41","59"
"30","90","42","60"
"29","90","380","37"
"30","90","43","63"
"30","90","44","69"
"29","90","381","33"
"30","90","45","67"
"30","90","46","68"
"29","90","382","32"
"30","90","47","69"
"29","90","383","33"
"30","90","48","69"
"30","90","49","70"
"30","90","50","71"
"29","90","384","32"
"30","90","51","72"
"30","90","52","70"
"29","90","385","30"
"30","90","53","71"
"30","90","54","72"
"29","90","386","29"
"30","90","55","65"
"29","90","387","31"
"30","90","56","66"
"2","10","141","0"
"30","90","57","67"
"29","90","388","31"
"30","90","58","66"
"29","90","389","32"
"30","90","59","65"
"29","90","390","36"
"30","90","60","65"
"30","90","61","64"
"29","90","391","36"
"30","90","62","65"
"29","90","392","35"
"30","90","63","63"
"29","90","393","37"
"30","90","64","57"
"29","90","394","39"
"30","90","65","58"
"29","90","395","41"
"30","90","66","57"
"30","90","67","54"
"29","90","396","42"
"30","90","68","50"
"29","90","397","45"
"30","90","69","50"
"30","90","70","50"
"29","90","398","44"
"30","90","71","48"
"29","90","399","45"
"30","90","72","48"
"29","90","400","48"
"30","90","73","44"
"30","90","74","43"
"29","90","401","53"
"30","90","75","40"
"29","90","402","52"
"30","90","76","37"
"29","90","403","52"
"30","90","77","33"
"29","90","404","53"
"30","90","78","33"
"29","90","405","57"
"30","90","79","30"
"30","90","80","29"
"29","90","406","65"
"29","90","407","75"
"30","90","81","26"
"30","90","82","25"
"29","90","408","79"
"30","90","83","24"
"29","90","409","80"
"30","90","84","25"
"30","90","85","25"
"29","90","410","80"
"30","90","86","25"
"29","90","411","85"
"30","90","87","24"
"29","90","412","91"
"30","90","88","27"
"29","90","413","99"
"30","90","89","28"
"30","90","90","24"
"29","90","414","104"
"30","90","91","21"
"29","90","415","104"
"30","90","92","20"
"29","90","416","109"
"30","90","93","21"
"29","90","417","115"
"30","90","94","23"
"30","90","95","23"
"29","90","418","118"
"30","90","96","25"
"29","90","419","123"
"30","90","97","25"
"29","90","420","125"
"30","90","98","25"
"29","90","421","125"
"30","90","99","25"
"29","90","422","129"
"30","90","100","27"
"29","90","423","134"
"30","90","101","32"
"30","90","102","31"
"29","90","424","137"
"30","90","103","34"
"29","90","425","140"
"30","90","104","34"
"29","90","426","141"
"30","90","105","38"
"29","90","427","147"
"30","90","106","42"
"29","90","428","142"
"30","90","107","48"
"29","90","429","137"
"30","90","108","50"
"29","90","430","136"
"30","90","109","53"
"30","90","110","59"
"29","90","431","136"
"30","90","111","62"
"29","90","432","138"
"29","90","433","131"
"30","90","112","71"
"30","90","113","75"
"29","90","434","126"
"29","90","435","127"
"30","90","114","83"
"30","90","115","87"
"29","90","436","120"
"30","90","116","91"
"29","90","437","119"
"30","90","117","94"
"29","90","438","117"
"30","90","118","97"
"29","90","439","118"
"30","90","119","102"
"29","90","440","111"
"30","90","120","107"
"29","90","441","109"
"30","90","121","113"
"29","90","442","108"
"30","90","122","116"
"29","90","443","104"
"30","90","123","124"
"29","90","444","103"
"30","90","124","128"
"29","90","445","99"
"30","90","125","130"
"29","90","446","94"
"30","90","126","136"
"29","90","447","85"
"30","90","127","129"
"29","90","448","80"
"30","90","128","130"
"29","90","449","79"
"30","90","129","133"
"29","90","450","79"
"30","90","130","130"
"29","90","451","75"
"30","90","131","132"
"29","90","452","75"
"2","10","142","0"
"30","90","132","127"
"29","90","453","68"
"30","90","133","128"
"29","90","454","65"
"29","90","455","61"
"30","90","134","129"
"29","90","456","59"
"30","90","135","130"
"29","90","457","55"
"30","90","136","139"
"29","90","458","54"
"30","90","137","134"
"29","90","459","53"
"30","90","138","133"
"29","90","460","50"
"30","90","139","132"
"29","90","461","46"
"30","90","140","127"
"29","90","462","42"
"30","90","141","120"
"29","90","463","37"
"29","90","464","37"
"30","90","142","116"
"29","90","465","35"
"30","90","143","114"
"30","90","144","114"
"29","90","466","33"
"30","90","145","109"
"29","90","467","34"
"29","90","468","28"
"30","90","146","101"
"29","90","469","27"
"29","90","470","25"
"30","90","147","98"
"29","90","471","24"
"29","90","472","25"
"30","90","148","97"
"29","90","473","23"
"30","90","149","95"
"29","90","474","19"
"30","90","150","92"
"29","90","475","18"
"30","90","151","88"
"29","90","476","18"
"29","90","477","19"
"30","90","152","85"
"29","90","478","20"
"30","90","153","87"
"30","90","154","77"
"29","90","479","16"
"30","90","155","73"
"29","90","480","16"
"29","90","481","15"
"30","90","156","63"
"29","90","482","14"
"30","90","157","57"
"29","90","483","14"
"30","90","158","55"
"29","90","484","15"
"30","90","159","52"
"29","90","485","16"
"30","90","160","55"
"29","90","486","16"
"29","90","487","14"
"30","90","161","55"
"29","90","488","17"
"29","90","489","18"
"30","90","162","54"
"29","90","490","18"
"29","90","491","19"
"30","90","163","49"
"29","90","492","21"
"29","90","493","21"
"30","90","164","47"
"2","10","143","0"
"29","90","494","23"
"30","90","165","43"
"29","90","495","25"
"30","90","166","40"
"29","90","496","27"
"30","90","167","40"
"29","90","497","28"
"30","90","168","40"
"29","90","498","31"
"30","90","169","38"
"29","90","499","29"
"30","90","170","38"
"29","90","500","33"
"30","90","171","37"
"30","90","172","36"
"30","90","173","34"
"30","90","174","33"
"30","90","175","34"
"30","90","176","34"
"30","90","177","32"
"30","90","178","30"
"30","90","179","28"
"30","90","180","25"
"30","90","181","23"
"30","90","182","21"
"30","90","183","22"
"30","90","184","20"
"30","90","185","19"
"30","90","186","18"
"30","90","187","20"
"30","90","188","17"
"30","90","189","18"
"30","90","190","17"
"30","90","191","18"
"30","90","192","19"
"30","90","193","20"
"30","90","194","22"
"30","90","195","23"
"30","90","196","24"
"30","90","197","28"
"30","90","198","31"
"30","90","199","34"
"30","90","200","41"
"30","90","201","42"
"30","90","202","42"
"30","90","203","42"
"30","90","204","44"
"30","90","205","48"
"30","90","206","50"
"30","90","207","54"
"30","90","208","58"
"30","90","209","62"
"30","90","210","69"
"30","90","211","75"
"30","90","212","83"
"30","90","213","87"
"30","90","214","85"
"30","90","215","93"
"30","90","216","100"
"30","90","217","102"
"30","90","218","104"
"30","90","219","106"
"30","90","220","109"
"30","90","221","113"
"30","90","222","119"
"30","90","223","123"
"30","90","224","128"
"30","90","225","129"
"30","90","226","133"
"30","90","227","142"
"30","90","228","146"
"30","90","229","144"
"30","90","230","145"
"30","90","231","147"
"30","90","232","150"
"30","90","233","146"
"30","90","234","145"
"30","90","235","142"
"30","90","236","135"
"30","90","237","128"
"30","90","238","136"
"30","90","239","136"
"30","90","240","136"
"2","10","144","0"
"30","90","241","130"
"30","90","242","130"
"30","90","243","130"
"30","90","244","128"
"30","90","245","124"
"30","90","246","118"
"30","90","247","113"
"30","90","248","104"
"30","90","249","102"
"30","90","250","97"
"30","90","251","91"
"30","90","252","81"
"30","90","253","78"
"30","90","254","76"
"30","90","255","73"
"30","90","256","69"
"30","90","257","72"
"30","90","258","67"
"30","90","259","60"
"30","90","260","57"
"30","90","261","48"
"30","90","262","44"
"30","90","263","39"
"30","90","264","37"
"30","90","265","36"
"30","90","266","34"
"30","90","267","32"
"30","90","268","31"
"30","90","269","26"
"30","90","270","24"
"30","90","271","24"
"30","90","272","20"
"30","90","273","19"
"30","90","274","19"
"30","90","275","18"
"30","90","276","17"
"30","90","277","16"
"30","90","278","16"
"30","90","279","17"
"30","90","280","14"
"30","90","281","16"
"30","90","282","15"
"30","90","283","16"
"30","90","284","13"
"30","90","285","13"
"30","90","286","12"
"30","90","287","13"
"30","90","288","13"
"30","90","289","12"
"30","90","290","13"
"30","90","291","15"
"30","90","292","17"
"30","90","293","16"
"30","90","294","15"
"30","90","295","16"
"30","90","296","17"
"30","90","297","20"
"30","90","298","20"
"30","90","299","20"
"30","90","300","22"
"30","90","301","25"
"30","90","302","27"
"30","90","303","28"
"30","90","304","30"
"30","90","305","34"
"30","90","306","38"
"30","90","307","39"
"30","90","308","43"
"30","90","309","48"
"30","90","310","54"
"30","90","311","59"
"30","90","312","62"
"30","90","313","67"
"30","90","314","72"
"30","90","315","81"
"30","90","316","88"
"2","10","145","0"
"30","90","317","89"
"30","90","318","98"
"30","90","319","100"
"30","90","320","102"
"30","90","321","110"
"30","90","322","116"
"30","90","323","125"
"30","90","324","131"
"30","90","325","137"
"30","90","326","141"
"30","90","327","142"
"30","90","328","150"
"30","90","329","156"
"30","90","330","154"
"30","90","331","153"
"30","90","332","153"
"30","90","333","152"
"30","90","334","155"
"30","90","335","147"
"30","90","336","146"
"30","90","337","143"
"30","90","338","142"
"30","90","339","136"
"30","90","340","138"
"30","90","341","134"
"30","90","342","127"
"30","90","343","122"
"30","90","344","115"
"30","90","345","107"
"30","90","346","97"
"30","90","347","98"
"30","90","348","91"
"30","90","349","87"
"30","90","350","83"
"30","90","351","80"
"30","90","352","79"
"30","90","353","75"
"30","90","354","73"
"30","90","355","66"
"30","90","356","63"
"30","90","357","61"
"30","90","358","60"
"30","90","359","58"
"30","90","360","57"
"30","90","361","51"
"30","90","362","54"
"30","90","363","54"
"30","90","364","52"
"30","90","365","50"
"30","90","366","48"
"30","90","367","46"
"2","10","146","0"
"30","90","368","46"
"30","90","369","43"
"30","90","370","39"
"30","90","371","36"
"30","90","372","35"
"30","90","373","33"
"30","90","374","31"
"30","90","375","30"
"30","90","376","30"
"30","90","377","32"
"30","90","378","30"
"30","90","379","28"
"30","90","380","29"
"30","90","381","29"
"30","90","382","26"
"30","90","383","24"
"30","90","384","25"
"30","90","385","22"
"30","90","386","23"
"30","90","387","23"
"30","90","388","22"
"30","90","389","21"
"30","90","390","21"
"30","90","391","22"
"30","90","392","24"
"30","90","393","25"
"30","90","394","24"
"30","90","395","23"
"30","90","396","22"
"30","90","397","22"
"30","90","398","25"
"30","90","399","24"
"30","90","400","30"
"30","90","401","30"
"30","90","402","30"
"30","90","403","30"
"30","90","404","33"
"30","90","405","36"
"30","90","406","38"
"30","90","407","40"
"30","90","408","44"
"30","90","409","45"
"30","90","410","51"
"30","90","411","53"
"30","90","412","52"
"30","90","413","58"
"30","90","414","60"
"30","90","415","62"
"30","90","416","65"
"30","90","417","70"
"30","90","418","70"
"30","90","419","78"
"30","90","420","76"
"30","90","421","79"
"30","90","422","86"
"30","90","423","91"
"30","90","424","97"
"30","90","425","102"
"30","90","426","106"
"30","90","427","111"
"30","90","428","113"
"30","90","429","121"
"30","90","430","116"
"30","90","431","121"
"2","10","147","0"
"30","90","432","128"
"30","90","433","134"
"30","90","434","134"
"30","90","435","138"
"30","90","436","144"
"30","90","437","145"
"30","90","438","149"
"30","90","439","147"
"30","90","440","149"
"30","90","441","148"
"30","90","442","148"
"30","90","443","146"
"30","90","444","146"
"30","90","445","143"
"30","90","446","139"
"30","90","447","136"
"30","90","448","130"
"30","90","449","129"
"30","90","450","123"
"30","90","451","120"
"30","90","452","114"
"30","90","453","106"
"30","90","454","98"
"30","90","455","97"
"30","90","456","92"
"30","90","457","88"
"30","90","458","80"
"30","90","459","76"
"30","90","460","72"
"30","90","461","69"
"30","90","462","66"
"30","90","463","61"
"30","90","464","59"
"30","90","465","50"
"30","90","466","46"
"30","90","467","43"
"30","90","468","42"
"30","90","469","39"
"30","90","470","35"
"30","90","471","34"
"30","90","472","33"
"30","90","473","31"
"30","90","474","30"
"30","90","475","27"
"2","10","148","0"
"30","90","476","26"
"30","90","477","26"
"30","90","478","26"
"30","90","479","22"
"30","90","480","20"
"30","90","481","19"
"30","90","482","17"
"30","90","483","15"
"30","90","484","13"
"30","90","485","13"
"30","90","486","13"
"30","90","487","13"
"30","90","488","15"
"30","90","489","16"
"30","90","490","15"
"30","90","491","16"
"30","90","492","17"
"30","90","493","14"
"30","90","494","16"
"30","90","495","18"
"30","90","496","18"
"30","90","497","20"
"30","90","498","19"
"30","90","499","20"
"30","90","500","21"
"2","10","149","0"
"2","10","150","0"
"2","10","151","0"
"2","10","152","0"
"2","10","153","0"
"2","10","154","0"
"2","10","155","0"
"2","10","156","0"
"2","10","157","0"
"2","10","158","0"
"2","10","159","0"
"2","10","160","0"
"2","10","161","0"
"2","10","162","0"
"2","10","163","0"
"2","10","164","0"
"2","10","165","0"
"2","10","166","0"
"2","10","167","0"
"2","10","168","0"
"2","10","169","0"
"2","10","170","0"
"2","10","171","0"
"2","10","172","0"
"2","10","173","0"
"2","10","174","0"
"2","10","175","0"
"2","10","176","0"
"2","10","177","0"
"2","10","178","0"
"2","10","179","0"
"2","10","180","0"
"2","10","181","0"
"2","10","182","0"
"2","10","183","0"
"2","10","184","0"
"2","10","185","0"
"2","10","186","0"
"2","10","187","0"
"2","10","188","0"
"2","10","189","0"
"2","10","190","0"
"2","10","191","0"
"2","10","192","0"
"2","10","193","0"
"2","10","194","0"
"2","10","195","0"
"2","10","196","0"
"2","10","197","0"
"2","10","198","0"
"2","10","199","0"
"2","10","200","0"
"2","10","201","0"
"2","10","202","0"
"2","10","203","0"
"2","10","204","0"
"2","10","205","0"
"2","10","206","0"
"2","10","207","0"
"2","10","208","0"
"2","10","209","0"
"2","10","210","0"
"2","10","211","0"
"2","10","212","0"
"2","10","213","0"
"2","10","214","0"
"2","10","215","0"
"2","10","216","0"
"2","10","217","0"
"2","10","218","0"
"2","10","219","0"
"2","10","220","0"
"2","10","221","0"
"2","10","222","0"
"2","10","223","0"
"2","10","224","0"
"2","10","225","0"
"2","10","226","0"
"2","10","227","0"
"2","10","228","0"
"2","10","229","0"
"2","10","230","0"
"2","10","231","0"
"2","10","232","0"
"2","10","233","0"
"2","10","234","0"
"2","10","235","0"
"2","10","236","0"
"2","10","237","0"
"2","10","238","0"
"2","10","239","0"
"2","10","240","0"
"2","10","241","0"
"2","10","242","0"
"2","10","243","0"
"2","10","244","0"
"2","10","245","0"
"2","10","246","0"
"2","10","247","0"
"2","10","248","0"
"2","10","249","0"
"2","10","250","0"
"2","10","251","0"
"2","10","252","0"
"2","10","253","0"
"2","10","254","0"
"2","10","255","0"
"2","10","256","0"
"2","10","257","0"
"2","10","258","0"
"2","10","259","0"
"2","10","260","0"
"2","10","261","0"
"2","10","262","0"
"2","10","263","0"
"2","10","264","0"
"2","10","265","0"
"2","10","266","0"
"2","10","267","0"
"2","10","268","0"
"2","10","269","0"
"2","10","270","0"
"2","10","271","0"
"2","10","272","0"
"2","10","273","0"
"2","10","274","0"
"2","10","275","0"
"2","10","276","0"
"2","10","277","0"
"2","10","278","0"
"2","10","279","0"
"2","10","280","0"
"2","10","281","0"
"2","10","282","0"
"2","10","283","0"
"2","10","284","0"
"2","10","285","0"
"2","10","286","0"
"2","10","287","0"
"2","10","288","0"
"2","10","289","0"
"2","10","290","0"
"2","10","291","0"
"2","10","292","0"
"2","10","293","0"
"2","10","294","0"
"2","10","295","0"
"2","10","296","0"
"2","10","297","0"
"2","10","298","0"
"2","10","299","0"
"2","10","300","0"
"2","10","301","0"
"2","10","302","0"
"2","10","303","0"
"2","10","304","0"
"2","10","305","0"
"2","10","306","0"
"2","10","307","0"
"2","10","308","0"
"2","10","309","0"
"2","10","310","0"
"2","10","311","0"
"2","10","312","0"
"2","10","313","0"
"2","10","314","0"
"2","10","315","0"
"2","10","316","0"
"2","10","317","0"
"2","10","318","0"
"2","10","319","0"
"2","10","320","0"
"2","10","321","0"
"2","10","322","0"
"2","10","323","0"
"2","10","324","0"
"2","10","325","0"
"2","10","326","0"
"2","10","327","0"
"2","10","328","0"
"2","10","329","0"
"2","10","330","0"
"2","10","331","0"
"2","10","332","0"
"2","10","333","0"
"2","10","334","0"
"2","10","335","0"
"2","10","336","0"
"2","10","337","0"
"2","10","338","0"
"2","10","339","0"
"2","10","340","0"
"2","10","341","0"
"2","10","342","0"
"2","10","343","0"
"2","10","344","0"
"2","10","345","0"
"2","10","346","0"
"2","10","347","0"
"2","10","348","0"
"2","10","349","0"
"2","10","350","0"
"2","10","351","0"
"2","10","352","0"
"2","10","353","0"
"2","10","354","0"
"2","10","355","0"
"2","10","356","0"
"2","10","357","0"
"2","10","358","0"
"2","10","359","0"
"2","10","360","0"
"2","10","361","0"
"2","10","362","0"
"2","10","363","0"
"2","10","364","0"
"2","10","365","0"
"2","10","366","0"
"2","10","367","0"
"2","10","368","0"
"2","10","369","0"
"2","10","370","0"
"2","10","371","0"
"2","10","372","0"
"2","10","373","0"
"2","10","374","0"
"2","10","375","0"
"2","10","376","0"
"2","10","377","0"
"2","10","378","0"
"2","10","379","0"
"2","10","380","0"
"2","10","381","0"
"2","10","382","0"
"2","10","383","0"
"2","10","384","0"
"2","10","385","0"
"2","10","386","0"
"2","10","387","0"
"2","10","388","0"
"2","10","389","0"
"2","10","390","0"
"2","10","391","0"
"2","10","392","0"
"2","10","393","0"
"2","10","394","0"
"2","10","395","0"
"2","10","396","0"
"2","10","397","0"
"2","10","398","0"
"2","10","399","0"
"2","10","400","0"
"2","10","401","0"
"2","10","402","0"
"2","10","403","0"
"2","10","404","0"
"2","10","405","0"
"2","10","406","0"
"2","10","407","0"
"2","10","408","0"
"2","10","409","0"
"2","10","410","0"
"2","10","411","0"
"2","10","412","0"
"2","10","413","0"
"2","10","414","0"
"2","10","415","0"
"2","10","416","0"
"2","10","417","0"
"2","10","418","0"
"2","10","419","0"
"2","10","420","0"
"2","10","421","0"
"2","10","422","0"
"2","10","423","0"
"2","10","424","0"
"2","10","425","0"
"2","10","426","0"
"2","10","427","0"
"2","10","428","0"
"2","10","429","0"
"2","10","430","0"
"2","10","431","0"
"2","10","432","0"
"2","10","433","0"
"2","10","434","0"
"2","10","435","0"
"2","10","436","0"
"2","10","437","0"
"2","10","438","0"
"2","10","439","0"
"2","10","440","0"
"2","10","441","0"
"2","10","442","0"
"2","10","443","0"
"2","10","444","0"
"2","10","445","0"
"2","10","446","0"
"2","10","447","0"
"2","10","448","0"
"2","10","449","0"
"2","10","450","0"
"2","10","451","0"
"2","10","452","0"
"2","10","453","0"
"2","10","454","0"
"2","10","455","0"
"2","10","456","0"
"2","10","457","0"
"2","10","458","0"
"2","10","459","0"
"2","10","460","0"
"2","10","461","0"
"2","10","462","0"
"2","10","463","0"
"2","10","464","0"
"2","10","465","0"
"2","10","466","0"
"2","10","467","0"
"2","10","468","0"
"2","10","469","0"
"2","10","470","0"
"2","10","471","0"
"2","10","472","0"
"2","10","473","0"
"2","10","474","0"
"2","10","475","0"
"2","10","476","0"
"2","10","477","0"
"2","10","478","0"
"2","10","479","0"
"2","10","480","0"
"2","10","481","0"
"2","10","482","0"
"2","10","483","0"
"2","10","484","0"
"2","10","485","0"
"2","10","486","0"
"2","10","487","0"
"2","10","488","0"
"2","10","489","0"
"2","10","490","0"
"2","10","491","0"
"2","10","492","0"
"2","10","493","0"
"2","10","494","0"
"2","10","495","0"
"2","10","496","0"
"2","10","497","0"
"2","10","498","0"
"2","10","499","0"
"2","10","500","0"
